{"chunk_definitions":[{"row":12,"row_count":1,"visible":true,"expansion_state":0,"options":{"engine":"r","label":"setup","include":false},"document_id":"F7872338","chunk_id":"csetup_chunk","chunk_label":"setup"},{"row":27,"row_count":1,"visible":true,"expansion_state":0,"options":{"engine":"r","label":"load-libraries"},"document_id":"F7872338","chunk_id":"cxa2hbbsc038f","chunk_label":"load-libraries"}],"doc_write_time":1568210176,"working_dir":null,"default_chunk_options":{"echo":true,"warning":false,"message":false}}