{"chunk_definitions":[{"chunk_id":"csetup_chunk","chunk_label":"setup","document_id":"97678DE4","expansion_state":0,"options":{"engine":"r","include":false,"label":"setup"},"row":12,"row_count":1,"visible":true},{"chunk_id":"cy7mbs4x3k3of","chunk_label":"load-libraries","document_id":"97678DE4","expansion_state":0,"options":{"engine":"r","label":"load-libraries"},"row":29,"row_count":1,"visible":true},{"chunk_id":"crt2n66e23yyu","chunk_label":"load-data","document_id":"97678DE4","expansion_state":0,"options":{"engine":"r","label":"load-data"},"row":78,"row_count":1,"visible":true}],"chunk_rendered_width":700,"default_chunk_options":{"echo":true,"message":false,"warning":false},"doc_write_time":1572009628,"working_dir":null}