{"chunk_definitions":[{"row":13,"row_count":1,"visible":true,"expansion_state":0,"options":{"engine":"r","label":"setup","include":false},"document_id":"EC9CB682","chunk_id":"csetup_chunk","chunk_label":"setup"},{"row":48,"row_count":1,"visible":true,"expansion_state":0,"options":{"engine":"r","label":"unnamed-chunk-2"},"document_id":"EC9CB682","chunk_id":"cq9qz6yucxnwx","chunk_label":"unnamed-chunk-1"},{"row":75,"row_count":1,"visible":true,"expansion_state":0,"options":{"engine":"r","label":"gss-cat"},"document_id":"EC9CB682","chunk_id":"cvbagaw0kfj1t","chunk_label":"gss-cat"}],"doc_write_time":1612386109}