{"chunk_definitions":[{"chunk_id":"csetup_chunk","chunk_label":"setup","document_id":"2831FD67","expansion_state":0,"options":{"engine":"r","include":false,"label":"setup"},"row":11,"row_count":1,"visible":true},{"chunk_id":"cur14fr4epl70","chunk_label":"unnamed-chunk-2","document_id":"423E3730","expansion_state":0,"options":{"engine":"r","label":"unnamed-chunk-125"},"row":60,"row_count":1,"visible":true},{"chunk_id":"cc3ks0jujev1m","chunk_label":"unnamed-chunk-3","document_id":"423E3730","expansion_state":0,"options":{"engine":"r","label":"unnamed-chunk-127"},"row":71,"row_count":1,"visible":true},{"chunk_id":"c9fbz68wmdw1n","chunk_label":"unnamed-chunk-5","document_id":"423E3730","expansion_state":0,"options":{"engine":"r","label":"unnamed-chunk-155"},"row":118,"row_count":1,"visible":true},{"chunk_id":"c7s5fu9swilns","chunk_label":"unnamed-chunk-6","document_id":"423E3730","expansion_state":0,"options":{"engine":"r","label":"unnamed-chunk-156"},"row":126,"row_count":1,"visible":true},{"chunk_id":"cbbrs65z8ftnf","chunk_label":"unnamed-chunk-7","document_id":"423E3730","expansion_state":0,"options":{"engine":"r","label":"unnamed-chunk-157"},"row":137,"row_count":1,"visible":true}],"chunk_rendered_width":647,"default_chunk_options":{"echo":true,"message":false,"warning":false},"doc_write_time":1573684822,"working_dir":null}