{"chunk_definitions":[{"chunk_id":"csetup_chunk","chunk_label":"setup","document_id":"3B581103","expansion_state":0,"options":{"engine":"r","include":false,"label":"setup"},"row":12,"row_count":1,"visible":true},{"chunk_id":"cljhyul9fv004","chunk_label":"relig-percent","document_id":"3B581103","expansion_state":0,"options":{"engine":"r","label":"relig-percent"},"row":53,"row_count":1,"visible":true}],"default_chunk_options":{"echo":true,"message":false,"warning":false},"doc_write_time":1568756518,"working_dir":null}