{"chunk_definitions":[{"row":12,"row_count":1,"visible":true,"expansion_state":0,"options":{"engine":"r","label":"setup","include":false},"document_id":"847190A4","chunk_id":"csetup_chunk","chunk_label":"setup"},{"row":45,"row_count":1,"visible":true,"expansion_state":0,"options":{"engine":"r","label":"load-data"},"document_id":"847190A4","chunk_id":"cbn6q4m10qop2","chunk_label":"load-data"},{"row":113,"row_count":1,"visible":true,"expansion_state":0,"options":{"engine":"r","label":"load-conflict-data"},"document_id":"847190A4","chunk_id":"cdcfxlvumraav","chunk_label":"load-conflict-data"},{"row":164,"row_count":1,"visible":true,"expansion_state":0,"options":{"engine":"r","label":"load-houses"},"document_id":"847190A4","chunk_id":"c5gaer3jsy29y","chunk_label":"load-houses"}],"doc_write_time":1612977771,"working_dir":null,"default_chunk_options":{"echo":true,"warning":false,"message":false}}