{"chunk_definitions":[{"chunk_id":"chsvo4mqnn68a","chunk_label":"riley-mf-time","document_id":"F86E5ED6","expansion_state":0,"options":{"engine":"r","label":"riley-mf-time"},"row":40,"row_count":1,"visible":true},{"chunk_id":"cd0cvle85jdso","chunk_label":"clean-movie-data","document_id":"F86E5ED6","expansion_state":0,"options":{"engine":"r","label":"clean-plane-data","message":false,"warning":false},"row":82,"row_count":1,"visible":true},{"chunk_id":"cruo1l8j6k6yj","chunk_label":"profit-time","document_id":"F86E5ED6","expansion_state":0,"options":{"engine":"r","label":"profit-time"},"row":89,"row_count":1,"visible":true},{"chunk_id":"cmixisjhl10i9","chunk_label":"plot-crashes-year","document_id":"F86E5ED6","expansion_state":0,"options":{"engine":"r","label":"plot-crashes-year"},"row":115,"row_count":1,"visible":true},{"chunk_id":"c966cgtv6jzj2","chunk_label":"plot-director-profits","document_id":"F86E5ED6","expansion_state":0,"options":{"engine":"r","label":"unnamed-chunk-10"},"row":144,"row_count":1,"visible":true}],"chunk_rendered_width":558,"doc_write_time":1565365911}