{"chunk_definitions":[{"chunk_id":"csetup_chunk","chunk_label":"setup","document_id":"499C10B4","expansion_state":0,"options":{"engine":"r","include":false,"label":"setup"},"row":12,"row_count":1,"visible":true},{"chunk_id":"c2dlog2p7k1u0","chunk_label":"load-libraries","document_id":"499C10B4","expansion_state":0,"options":{"engine":"r","label":"load-libraries"},"row":30,"row_count":1,"visible":true},{"chunk_id":"cpzha3inhxr5f","chunk_label":"gss-cat","document_id":"499C10B4","expansion_state":0,"options":{"engine":"r","label":"gss-cat"},"row":42,"row_count":1,"visible":true},{"chunk_id":"cfs25k2xilbuu","chunk_label":"relig-percent","document_id":"499C10B4","expansion_state":0,"options":{"engine":"r","label":"relig-percent"},"row":66,"row_count":1,"visible":true},{"chunk_id":"czmijeul1rvl2","chunk_label":"top-10-religions","document_id":"499C10B4","expansion_state":0,"options":{"engine":"r","label":"top-10-religions"},"row":84,"row_count":1,"visible":true},{"chunk_id":"c33eu9lgg4ys5","chunk_label":"top-10-religions-data","document_id":"499C10B4","expansion_state":0,"options":{"engine":"r","label":"top-10-religions-data"},"row":95,"row_count":1,"visible":true},{"chunk_id":"c1bs5lm8gjoar","chunk_label":"religion-age-ridges","document_id":"499C10B4","expansion_state":0,"options":{"engine":"r","label":"religion-age-ridges"},"row":108,"row_count":1,"visible":true},{"chunk_id":"clcsgya01m1ak","chunk_label":"age-cats","document_id":"499C10B4","expansion_state":0,"options":{"engine":"r","label":"age-cats"},"row":130,"row_count":1,"visible":true},{"chunk_id":"ca37e28pi51u7","chunk_label":"ages-income","document_id":"499C10B4","expansion_state":0,"options":{"engine":"r","label":"ages-income"},"row":142,"row_count":1,"visible":true},{"chunk_id":"clrfg7s7l5i9w","chunk_label":"ages-income-plot","document_id":"499C10B4","expansion_state":0,"options":{"engine":"r","label":"ages-income-plot"},"row":153,"row_count":1,"visible":true},{"chunk_id":"cgdbochimwp78","chunk_label":"married-tv","document_id":"499C10B4","expansion_state":0,"options":{"engine":"r","label":"married-tv"},"row":172,"row_count":1,"visible":true},{"chunk_id":"cltmnzr3t0v3i","chunk_label":"plot-gay-rights","document_id":"499C10B4","expansion_state":0,"options":{"engine":"r","label":"plot-gay-rights"},"row":248,"row_count":1,"visible":true}],"default_chunk_options":{"echo":true,"message":false,"warning":false},"doc_write_time":1568730290,"working_dir":null}