{"chunk_definitions":[{"row":14,"row_count":1,"visible":true,"expansion_state":0,"options":{"engine":"r","label":"setup","include":false},"document_id":"99796327","chunk_id":"csetup_chunk","chunk_label":"setup"},{"row":111,"row_count":1,"visible":true,"expansion_state":0,"options":{"engine":"r","label":"unnamed-chunk-14"},"document_id":"99796327","chunk_id":"cm7mlfn5seitu","chunk_label":"unnamed-chunk-6"},{"row":123,"row_count":1,"visible":true,"expansion_state":0,"options":{"engine":"r","label":"unnamed-chunk-6"},"document_id":"99796327","chunk_id":"c6cjqierz5gqh","chunk_label":"unnamed-chunk-7"},{"row":178,"row_count":1,"visible":true,"expansion_state":0,"options":{"engine":"r","label":"unnamed-chunk-11"},"document_id":"99796327","chunk_id":"c11yep8ojxq2b","chunk_label":"unnamed-chunk-11"},{"row":254,"row_count":1,"visible":true,"expansion_state":0,"options":{"engine":"r","label":"unnamed-chunk-12"},"document_id":"99796327","chunk_id":"chiiev32lepxj","chunk_label":"unnamed-chunk-18"}],"doc_write_time":1617128391,"working_dir":null,"default_chunk_options":{"echo":true,"warning":false,"message":false}}