{"working_dir":null,"default_chunk_options":{"echo":true,"warning":false,"message":false},"chunk_definitions":[{"row":11,"row_count":1,"visible":true,"expansion_state":0,"options":{"engine":"r","label":"setup","include":false},"document_id":"91692562","chunk_id":"csetup_chunk","chunk_label":"setup"},{"row":137,"row_count":1,"visible":true,"expansion_state":0,"options":{"engine":"r","label":"unnamed-chunk-6"},"document_id":"91692562","chunk_id":"c4jju22yiog19","chunk_label":"unnamed-chunk-8"},{"row":146,"row_count":1,"visible":true,"expansion_state":0,"options":{"engine":"r","label":"unnamed-chunk-8"},"document_id":"91692562","chunk_id":"czajpgjgkwmyo","chunk_label":"unnamed-chunk-9"},{"row":158,"row_count":1,"visible":true,"expansion_state":0,"options":{"engine":"r","label":"unnamed-chunk-10"},"document_id":"91692562","chunk_id":"cz8bazynjoxuf","chunk_label":"unnamed-chunk-10"}],"doc_write_time":1573224271}