{"chunk_definitions":[{"chunk_id":"csetup_chunk","chunk_label":"setup","document_id":"7C07D945","expansion_state":0,"options":{"engine":"r","include":false,"label":"setup"},"row":12,"row_count":1,"visible":true},{"chunk_id":"cj507mhcf17rp","chunk_label":"load-libraries","document_id":"7C07D945","expansion_state":0,"options":{"engine":"r","label":"load-libraries"},"row":26,"row_count":1,"visible":true},{"chunk_id":"ciony554xrbog","chunk_label":"load-movies","document_id":"7C07D945","expansion_state":0,"options":{"engine":"r","label":"load-movies"},"row":41,"row_count":1,"visible":true},{"chunk_id":"crc9kwjimpe1q","chunk_label":"clean-movies","document_id":"7C07D945","expansion_state":0,"options":{"engine":"r","label":"clean-movies"},"row":50,"row_count":1,"visible":true},{"chunk_id":"cc1voctfahnw6","chunk_label":"load-pokemon","document_id":"7C07D945","expansion_state":0,"options":{"engine":"r","label":"load-pokemon"},"row":117,"row_count":1,"visible":true},{"chunk_id":"cqrrz1oj4k5yb","chunk_label":"pokemon-type-stats","document_id":"7C07D945","expansion_state":0,"options":{"engine":"r","label":"pokemon-type-power"},"row":154,"row_count":1,"visible":true},{"chunk_id":"c0r7uthbmgk6l","chunk_label":"pokemon-range","document_id":"7C07D945","expansion_state":0,"options":{"engine":"r","label":"pokemon-range"},"row":169,"row_count":1,"visible":true},{"chunk_id":"c8epkiqe2s7ci","chunk_label":"pokemon-colors","document_id":"7C07D945","expansion_state":0,"options":{"engine":"r","label":"pokemon-colors"},"row":193,"row_count":1,"visible":true}],"default_chunk_options":{"echo":true,"message":false,"warning":false},"doc_write_time":1568210081,"working_dir":null}