{"chunk_definitions":[{"chunk_id":"csetup_chunk","chunk_label":"setup","document_id":"7C07D945","expansion_state":0,"options":{"engine":"r","include":false,"label":"setup"},"row":9,"row_count":1,"visible":true},{"chunk_id":"cj507mhcf17rp","chunk_label":"load-libraries","document_id":"7C07D945","expansion_state":0,"options":{"engine":"r","label":"load-libraries"},"row":22,"row_count":1,"visible":true},{"chunk_id":"c4cznukzt7tm0","chunk_label":"unnamed-chunk-1","document_id":"7C07D945","expansion_state":0,"options":{"engine":"r","label":"unnamed-chunk-1"},"row":35,"row_count":1,"visible":true},{"chunk_id":"cjj4dnowo44an","chunk_label":"unnamed-chunk-2","document_id":"7C07D945","expansion_state":0,"options":{"engine":"r","label":"unnamed-chunk-2"},"row":60,"row_count":1,"visible":true},{"chunk_id":"cd4vfczevxacv","chunk_label":"load-pokemon","document_id":"7C07D945","expansion_state":0,"options":{"engine":"r","label":"load-pokemon"},"row":134,"row_count":1,"visible":true},{"chunk_id":"cqshiya4pu9kj","chunk_label":"pokemon-type-power","document_id":"7C07D945","expansion_state":0,"options":{"engine":"r","label":"pokemon-type-power"},"row":146,"row_count":1,"visible":true},{"chunk_id":"coeqixan38kix","chunk_label":"plot-pokemon-type-power","document_id":"7C07D945","expansion_state":0,"options":{"engine":"r","label":"plot-pokemon-type-power"},"row":163,"row_count":1,"visible":true}],"default_chunk_options":{"echo":true,"message":false,"warning":false},"doc_write_time":1568163091,"working_dir":null}