{"working_dir":null,"default_chunk_options":{"echo":true,"warning":false,"message":false},"chunk_definitions":[{"row":11,"row_count":1,"visible":true,"expansion_state":0,"options":{"engine":"r","label":"setup","include":false},"document_id":"2E3A8D3C","chunk_id":"csetup_chunk","chunk_label":"setup"},{"row":42,"row_count":1,"visible":true,"expansion_state":0,"options":{"engine":"r","label":"unnamed-chunk-1"},"document_id":"2E3A8D3C","chunk_id":"ch66d6tccv9ub","chunk_label":"unnamed-chunk-2"},{"row":99,"row_count":1,"visible":true,"expansion_state":0,"options":{"engine":"r","label":"unnamed-chunk-3"},"document_id":"2E3A8D3C","chunk_id":"cqtm92cc4gxcw","chunk_label":"unnamed-chunk-6"}],"doc_write_time":1572473311}