conflict,funding,corruption
32.545688983609075,37.17349110713322,High Corruption
30.774775091787255,42.632229775312,Low Corruption
41.44688587471618,72.19660941308977,Low Corruption
44.394421701514716,47.60157522868237,Low Corruption
5.3672720526613285,48.573003829408506,Low Corruption
57.95292333862707,74.78066929115803,High Corruption
49.27609107758033,54.05372819445968,High Corruption
89.63289877801141,25.529016222125232,Low Corruption
59.961516678364376,35.08489290333209,Low Corruption
40.99530372885034,39.070982333991296,Low Corruption
87.75868770562478,66.66633724211974,High Corruption
91.09575822425957,52.382839473137174,High Corruption
25.874993356817882,53.0597338443939,Low Corruption
53.92531925698923,48.26552425181448,High Corruption
45.13671799605612,37.250084294891586,High Corruption
44.00791912592717,75.96808213561556,Low Corruption
48.80097219507065,54.66412984443213,Low Corruption
32.78873767337946,13.934611719777065,High Corruption
49.079678313968635,58.0274029955687,High Corruption
76.37041661322834,38.62262224763795,Low Corruption
47.53969364288788,28.788701755482947,Low Corruption
44.827366500543725,42.833898072948266,Low Corruption
72.51364880532878,29.47983609603137,Low Corruption
63.52220433476815,34.39013723686327,Low Corruption
22.265858768296923,36.10646748441809,High Corruption
55.83737596731323,18.560829241696254,Low Corruption
70.62114890261772,60.282159613253896,Low Corruption
68.99207803578513,48.97105573171317,High Corruption
57.14983744948567,27.626656055660252,High Corruption
54.303912367188246,67.15772766684283,High Corruption
26.142328108793876,53.48435056994565,Low Corruption
52.515388159273115,41.55974619004591,Low Corruption
28.532458620330164,61.229777747492385,Low Corruption
36.563552590358185,60.94895318755732,Low Corruption
59.13754484073236,60.014328521225366,High Corruption
26.264553196633056,57.81725530017613,Low Corruption
49.253471414755836,55.59073525024846,High Corruption
53.82600446680739,45.41310788253304,Low Corruption
48.61027895313826,41.37975090936715,Low Corruption
77.24574131942886,40.14837394565605,Low Corruption
32.550471731451154,34.955090099442835,High Corruption
57.1520021800047,43.00011761990955,Low Corruption
49.38223747126042,25.523477844516368,Low Corruption
35.583767216421016,82.28198948385285,Low Corruption
50.31978832348247,66.39993015211513,Low Corruption
33.958434691198775,27.875025155815266,High Corruption
26.935333780742642,39.77794722269559,High Corruption
40.29920568513137,38.72403097516062,Low Corruption
72.38496650617857,59.3265539659523,High Corruption
47.90866929794205,45.058488591341984,Low Corruption
51.25608155744891,50.62282334542579,High Corruption
43.78609194748132,45.964520499792144,High Corruption
54.442238975614984,45.72779696987765,Low Corruption
27.055422762439242,69.05478401824358,Low Corruption
66.07519980562724,42.705054743604485,Low Corruption
51.266372001282164,71.4985594410656,High Corruption
38.76390001341786,20.84053065901032,High Corruption
45.74261690552447,56.09804043239617,Low Corruption
57.85652231765034,48.4832061465668,High Corruption
55.012253264464015,50.00510577125154,High Corruption
69.33599683110455,52.71049214418356,High Corruption
38.50969652730916,38.134554982884666,High Corruption
65.74924180102315,40.92948558696076,Low Corruption
66.67289191465503,29.6026140304781,Low Corruption
47.5782621057572,28.72313173323146,Low Corruption
30.08847856315801,51.45263107567977,Low Corruption
27.804382863406946,53.84373287696012,Low Corruption
53.92999012695077,47.3122891438988,High Corruption
42.63817011074565,61.67834225601909,Low Corruption
68.74277206974129,80.31743946379048,High Corruption
56.92111737239174,38.32117922727682,Low Corruption
48.18905521257239,8.27336210515338,Low Corruption
27.034696209800796,63.05784339609248,Low Corruption
39.66595108348683,34.715555679918936,High Corruption
54.46510797911619,35.06579192854472,Low Corruption
36.20356993902056,63.38561488637865,High Corruption
55.922359277371484,41.7299460159933,Low Corruption
45.295533803517934,26.261868328519476,High Corruption
44.466022570448395,49.43265245372246,Low Corruption
35.45349110838766,44.14088824312371,High Corruption
77.33584442426819,46.53156714454894,Low Corruption
50.851095139820714,52.80371791172712,Low Corruption
51.64162459992592,40.31051689410188,Low Corruption
17.489730646432943,57.085722301634846,Low Corruption
58.05461168393684,42.792388832941405,Low Corruption
29.231307384131693,51.91956527073047,Low Corruption
28.895342049407468,64.56343387440214,Low Corruption
60.101884908226786,53.62841826848263,High Corruption
40.518296049628866,41.04973052260092,Low Corruption
14.960741855108395,65.422303441854055,Low Corruption
71.99033179626991,62.855644695903834,Low Corruption
6.783059097525669,55.49949639429618,Low Corruption
55.18132559115669,50.38175202174323,High Corruption
65.10737636286474,36.05908860449789,High Corruption
32.234060301260634,68.92339946935682,Low Corruption
55.81236395730035,36.51599384216161,Low Corruption
46.771482957754685,82.58570111361985,Low Corruption
58.540045272040885,71.7653007442707,High Corruption
55.2805318563489,42.54095496407407,Low Corruption
46.10847630344804,29.472953518624617,High Corruption
63.745527065543484,34.695627766177566,Low Corruption
58.783383549540446,50.68174425755526,High Corruption
32.489017288880554,42.35930141718401,Low Corruption
25.354194949051482,40.6925717721601,Low Corruption
52.3780961560407,30.70918926231922,High Corruption
42.48750992403812,45.692144456038484,Low Corruption
33.431746887911025,33.46442320098396,Low Corruption
53.453309725248154,18.870727583502852,Low Corruption
26.757347776639488,40.152414405333296,High Corruption
46.38205460977938,61.624285752429365,Low Corruption
38.55250192194033,36.927717322856154,High Corruption
60.17043822950671,56.48394834858503,High Corruption
90.8997715620558,19.69804144937393,Low Corruption
32.205644713823176,45.51804821631211,High Corruption
62.06981911634559,55.02039139084758,High Corruption
59.03521927484553,51.41337554747226,High Corruption
45.277297742716804,48.18278296629116,Low Corruption
41.514638931350795,35.84754795943178,High Corruption
74.78683382437605,32.393495058058946,Low Corruption
17.812781896389154,29.510834528837705,High Corruption
36.032044472481395,48.3806142289393,High Corruption
26.702761095690285,30.777675133142168,High Corruption
70.74061369165806,38.32900829470154,Low Corruption
44.5035503977478,42.20394524887116,Low Corruption
32.38918976488799,76.90925901944007,Low Corruption
100,35.66172350260167,Low Corruption
45.184344336759544,50.32646751808487,Low Corruption
39.36420082497546,47.724739771222005,Low Corruption
54.65384627423343,30.5399877990718,Low Corruption
21.772966197382946,45.25781679948966,Low Corruption
49.98065817315195,70.30996334954196,High Corruption
43.748706888707865,53.898176363663865,Low Corruption
54.14035494424212,47.117748317767436,High Corruption
32.318047426276195,39.453825624332836,High Corruption
36.90596061932367,12.502902595656362,High Corruption
31.96759802929136,65.1335752928082,Low Corruption
39.098761621360325,22.296743399406342,High Corruption
65.23961331829734,58.665194958736386,High Corruption
65.98297432108625,77.98748679781838,Low Corruption
48.86386181154986,22.573514561995648,Low Corruption
38.72226600742984,58.034483592783516,Low Corruption
42.300441992811166,42.103044831426665,High Corruption
52.90935861246005,20.453948745535065,High Corruption
53.16921233364128,21.403845726871634,Low Corruption
56.55151957087491,19.968195730369604,Low Corruption
36.45344289723409,37.66217116541775,High Corruption
37.834497421461656,22.278307632616947,High Corruption
63.76835824079483,57.80529854442622,High Corruption
31.180811571675264,81.14417533475216,Low Corruption
55.7499060442391,25.16593715210768,High Corruption
43.29793969415892,59.45502805803567,Low Corruption
28.882994631022395,59.14603484526547,Low Corruption
55.17419493098473,51.92651664936724,High Corruption
52.76659549413335,29.771166126036398,Low Corruption
69.61987659954782,44.462146735554164,Low Corruption
49.533112101659924,41.80229448739918,Low Corruption
39.608394383658144,55.74066348738279,Low Corruption
52.413146356794194,40.28112045040101,Low Corruption
24.555512484048243,62.58245058351909,Low Corruption
34.51760566743066,40.24571857809339,Low Corruption
51.56072886413453,63.83415111851296,High Corruption
44.76383858141308,29.09687016768211,High Corruption
49.734463362387885,25.610096046272368,Low Corruption
34.478210711712755,100,Low Corruption
37.632111749899586,39.54702372308529,High Corruption
13.350754977374987,51.36502221304228,Low Corruption
50.304077371380295,56.956700426348064,High Corruption
60.53717039062364,38.44100673498351,Low Corruption
24.377124067160043,54.97832830030097,Low Corruption
69.37783213037768,52.534070355450055,High Corruption
53.6254243671032,42.87677506029871,Low Corruption
68.0919663611102,47.515382571461025,High Corruption
31.474723521386505,45.87328487711952,Low Corruption
42.58468300880224,81.61259091676959,Low Corruption
47.52006735347142,34.1844646493559,Low Corruption
62.61489814753956,28.323102280280278,High Corruption
37.37059194227438,47.0608217212403,Low Corruption
45.58476297706375,51.56752648204216,High Corruption
16.76305212274518,53.650596903294826,Low Corruption
35.72315525631839,38.86103766667395,High Corruption
52.17078873654722,28.86303178049016,High Corruption
31.3365173144901,67.31258706375831,Low Corruption
47.16830310587587,40.657736982295965,High Corruption
42.00762360670902,32.1322324408988,High Corruption
57.25599751125189,42.53138253659813,High Corruption
66.15326980139486,43.177637249189985,Low Corruption
29.96229832633675,64.77962421238135,Low Corruption
41.53908035887329,47.83673200806752,Low Corruption
67.45518539319728,58.89832512727229,High Corruption
13.017661288773091,38.184654616247684,Low Corruption
40.91657311396483,49.98037754442844,High Corruption
80.9631332392276,41.07031740420079,Low Corruption
81.6866910519888,47.999457799628736,Low Corruption
52.13815343586376,31.638902249364254,Low Corruption
37.08086935741876,24.7730800112167,High Corruption
42.98515103288077,79.44365131702268,Low Corruption
34.32578530221604,56.364038898112945,Low Corruption
74.10914721967579,25.75691732076252,Low Corruption
35.75045269028322,36.33574820204178,High Corruption
56.54615280162692,26.8442300418706,Low Corruption
49.63834496865778,82.77538393485142,Low Corruption
30.355839267563606,68.12616016895493,Low Corruption
61.27882302375408,42.05433126999789,High Corruption
32.98168229272224,55.41350962048186,High Corruption
58.202733255504626,39.58863200894795,Low Corruption
65.89598657346961,38.565514451281004,Low Corruption
33.39697425521382,33.40330137476458,High Corruption
66.45847536746359,36.60924276892019,Low Corruption
33.57384704531507,73.7203571903844,Low Corruption
51.647945085913435,45.54339753763447,High Corruption
49.60460960636492,48.40703446207262,Low Corruption
39.09759971406782,50.46365329956893,Low Corruption
47.09193510155338,66.80506370428218,Low Corruption
28.63297650940988,37.90747187569598,High Corruption
47.746803074004056,30.03343590122513,Low Corruption
54.628376894556375,74.13004525138601,High Corruption
13.229318258208378,39.145331879990195,High Corruption
25.160835294093957,34.486409552625204,High Corruption
32.047923094417094,26.004788784336853,Low Corruption
25.340254064163855,25.204192393179913,Low Corruption
55.3309566402041,36.95041646996353,High Corruption
28.80478245370343,56.64957059254652,Low Corruption
8.39897865004897,64.77843179799542,Low Corruption
34.226643336145216,58.13040486671483,Low Corruption
41.63677542794056,40.42624899207537,High Corruption
60.319290385795846,47.42377348252978,High Corruption
31.274266075923606,34.79164954820145,High Corruption
67.70877162827831,34.5830545291946,Low Corruption
50.30265667514523,61.05665788287064,High Corruption
55.830547815821376,29.651909946712106,Low Corruption
26.763240740725756,78.75086163612278,Low Corruption
78.42589227330463,44.94361930617082,Low Corruption
43.41587169091456,49.98192307265204,High Corruption
19.796175770472313,34.2308780946927,Low Corruption
45.31506849968003,36.94355441102144,High Corruption
19.895011226285273,24.670373196121247,High Corruption
42.34341168223543,43.4131510912945,Low Corruption
38.61412965747845,53.36070082970805,Low Corruption
56.6580032413282,51.795984889716394,Low Corruption
65.4764993265355,33.5200848369327,Low Corruption
37.612196357388996,33.40298516934465,High Corruption
61.31087673386156,38.136616436992924,Low Corruption
64.82266540758344,71.16125056803726,High Corruption
37.80014459294688,27.640428025211065,High Corruption
36.83751795786389,43.477172123828346,Low Corruption
51.08793823021788,77.87606795641038,High Corruption
50.01039101748711,44.76752249866867,Low Corruption
59.93218181103481,23.96262433503808,Low Corruption
71.45101781492069,35.44985891251575,Low Corruption
51.40423238892172,54.45935577490616,High Corruption
64.85015508882638,40.2288280605685,Low Corruption
58.55900042474804,37.15034187703862,Low Corruption
54.81721048188106,40.75248709762626,High Corruption
52.657414265359606,47.93191514140616,High Corruption
62.35644745089858,72.85437963968458,High Corruption
30.92537248715359,44.972615101595395,High Corruption
25.513847942806382,64.2983535832133,Low Corruption
54.22899454826406,56.86058843557711,Low Corruption
45.18680104084184,44.5582116705327,High Corruption
52.859875040202944,21.102492103064524,High Corruption
60.32998108267117,37.82395441680493,Low Corruption
60.422664207633005,38.3403619818665,High Corruption
42.372713465852804,47.215611351861746,Low Corruption
37.544663383057966,67.92429811324716,Low Corruption
40.558419338093024,84.3333332518041,Low Corruption
58.85176697006812,72.01271260124913,Low Corruption
54.017793003834456,44.23575808258153,Low Corruption
75.41450806778923,17.40670224770826,High Corruption
47.87140056230321,40.0110558556212,Low Corruption
64.54493864412318,47.91060521624395,High Corruption
58.21706386824247,60.40158088185975,High Corruption
53.48638985716947,62.34371548546868,High Corruption
51.2089731550313,57.745681058359565,High Corruption
46.73145329041373,23.3770230856351,High Corruption
42.262413252329274,60.47810019142975,Low Corruption
51.86562872854734,39.05618686620077,High Corruption
46.968545915906226,49.325216017429106,Low Corruption
61.66059962165548,47.66838913733971,High Corruption
43.612349149164416,53.51248799609948,Low Corruption
45.53466242393658,46.844100218737026,Low Corruption
44.321357862732135,18.878442891808632,High Corruption
42.155251459997345,58.608152290531656,Low Corruption
44.39933608245551,52.81604959383866,High Corruption
10.422079719991515,42.04595936283839,Low Corruption
24.435418305863024,48.38884310353431,Low Corruption
45.14931589804516,48.65152069879996,High Corruption
41.772002951179324,50.08902669993711,Low Corruption
22.176657527493195,73.55407707768545,Low Corruption
15.449290767010638,42.81612419713476,Low Corruption
40.5107769040839,49.213870410159664,Low Corruption
53.49026415687459,65.74583433590952,High Corruption
71.84892162567549,63.85843805988134,High Corruption
42.446495806349844,65.3637244190793,Low Corruption
72.59246949761035,36.892663555941994,High Corruption
41.64367494526896,79.53073621188553,High Corruption
48.386736282021126,47.5386494783934,High Corruption
45.964743629128805,77.28920520754227,Low Corruption
37.09777151977493,24.110340276791533,High Corruption
45.84632689159145,46.783093615371236,Low Corruption
57.324746822093054,67.0932677494666,High Corruption
36.996856225861904,34.61571086519725,High Corruption
43.99608053748007,33.99683913660546,Low Corruption
31.318770856336258,30.925356249621526,Low Corruption
55.82065300449999,29.041732588933538,Low Corruption
54.97512120417953,39.211499561209315,Low Corruption
56.0979274504503,51.9096031252149,High Corruption
33.61797582967069,13.148050829583427,High Corruption
47.78656076735639,49.93964127391627,High Corruption
27.601840933697837,66.87446209440282,Low Corruption
40.19075455193748,80.11067941270638,Low Corruption
64.13621818184694,67.94044989769486,High Corruption
36.222347928481966,58.943293925443506,Low Corruption
63.80909126480062,17.899148279269745,Low Corruption
36.63228243477144,36.49538304941331,Low Corruption
40.187228231563296,40.61813787404438,High Corruption
51.533189064950356,58.06323290164824,High Corruption
36.17257406888682,44.68990569870631,High Corruption
23.426777980445753,25.634995448982195,Low Corruption
61.66007036282618,74.27446837865959,High Corruption
49.60606460677416,61.49859495292398,High Corruption
36.60403140665067,50.36024313899834,Low Corruption
10.790108805971013,66.56762016855537,Low Corruption
81.61103264264334,24.310782689419273,Low Corruption
99.09655179857225,57.357483218473796,High Corruption
51.758874200742476,37.79428801855208,Low Corruption
58.20192543560363,57.73636152699504,Low Corruption
66.61603832335497,45.43111795202258,Low Corruption
33.43434410722381,56.89705620928503,High Corruption
36.810111247912516,68.50800360822991,Low Corruption
18.97050605375235,46.55678530961229,Low Corruption
31.639691301475438,63.253190853320426,Low Corruption
60.56450081418573,26.7954109862697,High Corruption
44.392521056236774,34.510563812788796,High Corruption
38.42080996230879,71.54396005460161,High Corruption
43.72343027879154,52.67328211744139,Low Corruption
23.394846550517553,12.519832565786865,High Corruption
64.5868955818758,23.893265934082635,Low Corruption
24.1963942084214,43.118056490720114,High Corruption
40.61130034046143,60.74478095643049,High Corruption
40.025460634723224,44.752510133485195,High Corruption
41.226607587003514,56.75206348399744,Low Corruption
67.12120864461279,62.285498684571294,High Corruption
32.02240843459026,74.0533265971806,Low Corruption
33.98218161466173,47.36207593686278,Low Corruption
22.49449133432874,45.57721478432122,Low Corruption
39.4331451547564,17.46107569368706,Low Corruption
27.687682073019992,48.07786155543635,High Corruption
55.13715595855121,36.985509619199085,Low Corruption
36.008292941500656,30.33913965796301,Low Corruption
52.20813275350644,43.46304779971869,Low Corruption
41.13044559638744,63.20996586007034,Low Corruption
30.114507212785078,13.502747025081211,Low Corruption
35.4145988556788,39.37478742582623,High Corruption
60.59162960930785,48.36393360687727,High Corruption
64.12543481916927,31.674530310379957,Low Corruption
77.89663736575265,51.95461804823014,High Corruption
45.36507818376663,53.235883184636265,Low Corruption
22.816455881068617,45.890325466333785,Low Corruption
42.32232526864051,5.6831436284692955,High Corruption
45.04473968188544,88.9340224118374,Low Corruption
77.93525602817722,43.04338486107381,High Corruption
46.41970819986778,57.19838040643241,Low Corruption
64.18835465449581,50.96076093476807,Low Corruption
55.793206291771845,63.3707716803699,High Corruption
25.348658072571506,59.94951683034348,Low Corruption
44.66954514886507,42.96911529495648,High Corruption
66.50201052660465,52.68616962489842,Low Corruption
63.85967993371301,30.811815710778816,Low Corruption
51.44312283612093,60.59841399594189,High Corruption
55.89242827901918,38.81686169461381,Low Corruption
31.08262488353747,86.37759320438808,Low Corruption
30.851000321727867,19.14991380846394,Low Corruption
69.05026732500038,38.76812604049404,Low Corruption
21.272739987333374,60.077109838521515,Low Corruption
30.01954811613038,54.86711191268461,Low Corruption
58.745071556850384,36.694127685617346,Low Corruption
29.667409438239456,29.962807529870545,High Corruption
37.4131984878663,48.82401085108875,Low Corruption
27.78589093900779,46.199849841217876,Low Corruption
62.47049989309237,16.848862620150236,Low Corruption
53.804930453848556,47.00731930472618,High Corruption
52.91214346889133,49.58018359643497,High Corruption
53.29263983487588,49.32395497764715,Low Corruption
59.08872622699175,29.000353643721898,Low Corruption
55.48765021637556,54.30521618879457,High Corruption
10.682855886340544,69.21951973699922,Low Corruption
42.887485535430216,53.97638649572978,Low Corruption
52.20103446334863,27.668773800133025,Low Corruption
59.78857208557277,39.236522034795186,Low Corruption
26.552395323732576,52.15625498198032,Low Corruption
40.796640627283224,35.74277490956298,High Corruption
36.42747613697081,10.777529730408041,High Corruption
60.890569481871324,61.05005250864891,High Corruption
69.96202529999071,32.72777623670536,High Corruption
61.24403790341718,36.95724544351619,High Corruption
22.27073467142859,71.29081889327021,High Corruption
56.494310301278084,33.64224289202107,Low Corruption
62.512003868980514,60.413455913036685,High Corruption
53.494418701588174,25.601375996257108,Low Corruption
38.788024171918835,40.576888114290945,Low Corruption
29.529731396262658,45.220665884177954,High Corruption
39.8103835829429,27.122352265848303,High Corruption
60.27048519149582,35.94600979930996,Low Corruption
39.90164348295133,45.95964846852987,High Corruption
48.246687486260335,57.52069547292691,High Corruption
72.85560437813501,19.158216033786193,Low Corruption
57.161194034359816,40.65602066367871,Low Corruption
66.24112793820875,58.93720672439736,Low Corruption
21.135803137326146,37.53156663839866,High Corruption
41.50452446508008,50.19268965298029,Low Corruption
46.20844783296201,54.571218252794694,Low Corruption
55.18063637963261,50.86273321315788,High Corruption
25.859053405138432,57.23249809166059,Low Corruption
60.09259321031436,44.40833490104117,Low Corruption
53.01315689439561,39.599596389268164,Low Corruption
59.47734940521264,2.7537734596711583,Low Corruption
55.21358646604311,44.90029580874293,Low Corruption
43.492405526408106,53.547490413536224,Low Corruption
59.89559940011048,55.284680382414834,High Corruption
58.944700247837204,37.25938524818026,High Corruption
38.61274025445743,75.8456155339963,High Corruption
62.54075306721525,51.16995472766981,High Corruption
51.03956673145005,48.52388851367512,Low Corruption
53.40155537510516,67.462676001505,High Corruption
39.5065135645716,34.56242821976543,High Corruption
73.58579107709741,38.99369267758688,Low Corruption
38.97635999029348,86.0582829136042,Low Corruption
60.33184639120481,46.620232913760795,Low Corruption
39.88658131849073,73.43379997396362,Low Corruption
46.87443869939688,22.662535898807054,High Corruption
59.961079593603316,43.287690072331344,Low Corruption
20.067568702370153,52.690402632264664,High Corruption
53.46679647911158,51.394951301613624,High Corruption
56.30009265655629,29.816455048950587,High Corruption
3.375187408918876,46.754596432117516,Low Corruption
56.126044955360264,28.630095886066858,Low Corruption
9.61302474761318,58.21493846648734,Low Corruption
53.8603085852921,64.36405702915914,Low Corruption
46.60148723251798,9.664599228167805,Low Corruption
31.607788003517907,66.85823974784188,Low Corruption
50.62288509009426,25.92593365110843,Low Corruption
67.34508471184098,53.95213960847912,Low Corruption
34.41596601623561,57.34231733246096,Low Corruption
56.3545240640188,43.13278487928519,Low Corruption
54.299459000941255,35.77469911451283,Low Corruption
27.261364806373184,49.16851515111237,Low Corruption
17.360417482571282,53.68852934629178,High Corruption
11.890008118401179,61.03438519540276,Low Corruption
62.19769977007989,12.517945820356577,Low Corruption
51.44508715245575,19.392354348543556,Low Corruption
71.88248391232686,70.07613504479343,Low Corruption
52.59899590184492,63.73362550574987,Low Corruption
58.998569650420585,53.630194195869876,High Corruption
65.88693873621396,58.25584340284238,High Corruption
35.75198539968725,61.594179204204,Low Corruption
63.491804318902226,2.4600304255371492,High Corruption
57.13632228186968,64.78552105351675,High Corruption
70.30556986004737,38.42105948935466,Low Corruption
58.25768407124138,50.24763942702592,High Corruption
54.4601047791477,41.558319640121404,Low Corruption
29.992319692114272,60.8470076835565,Low Corruption
59.58691562100841,40.677204427146066,Low Corruption
53.11662853918961,55.00546054082387,High Corruption
58.19115537525739,39.97957059803525,High Corruption
57.0634495420814,28.376137419809833,Low Corruption
39.61327121250239,66.43378529833906,High Corruption
43.12878569774775,58.680936647380285,High Corruption
52.2481152982934,74.93266952352408,High Corruption
49.293094301232685,47.513083691807815,High Corruption
29.79160094390473,65.02888744513481,Low Corruption
35.734490127719646,79.08346294372808,Low Corruption
26.454020973297915,41.78433360216196,Low Corruption
35.45814623796916,24.572287552638848,Low Corruption
45.19035084499349,42.48061254291891,High Corruption
18.540772053165476,42.89890873554357,High Corruption
19.12637018546998,48.943082418445464,Low Corruption
58.95785581574674,74.7350554401295,High Corruption
38.527899892746404,41.04622178885731,Low Corruption
15.793708408489243,52.600840347221855,High Corruption
45.662970696450984,42.67343785632013,Low Corruption
67.90554017204289,46.77428690316458,High Corruption
56.37640027627886,51.62664106894268,Low Corruption
49.56848681165661,68.38731045386315,High Corruption
65.37493160452125,48.44129664320821,High Corruption
32.057773039557055,58.217235591679575,High Corruption
55.96626361251721,59.30829049857975,High Corruption
34.37199417518422,61.55448790743462,Low Corruption
48.602865235634646,36.943457524544364,Low Corruption
77.09801600541535,73.32328250416269,Low Corruption
63.54552265867549,40.1403462946268,Low Corruption
59.42478791997703,44.6880409308498,Low Corruption
24.424534611218952,69.64062222287582,Low Corruption
29.95318425235264,67.82324111660425,Low Corruption
86.947913987492,28.422335111668463,Low Corruption
31.98359407410144,32.007321362864396,Low Corruption
54.55516842874238,23.991738505000118,Low Corruption
60.50191772761635,49.44163823341289,High Corruption
62.58409824072642,49.16057980101124,High Corruption
63.07415062495353,52.45391850252633,High Corruption
42.349268435680195,55.56164926048789,High Corruption
35.48760715577281,36.489001462753116,High Corruption
45.001125742921914,30.013745317680566,Low Corruption
28.950524179665933,63.40567311747065,Low Corruption
54.406723941273405,58.84886926439853,Low Corruption
69.59600740156567,21.49476103008404,Low Corruption
81.22988194365549,44.86383076212351,Low Corruption
55.50651545122277,31.629242975097043,Low Corruption
39.34347864697803,12.213621728230187,High Corruption
62.723260970447555,48.91729459613157,High Corruption
61.53666969853283,45.12719598825493,High Corruption
43.229547014115255,44.827111463887384,High Corruption
21.019032259864048,50.0085924597509,Low Corruption
56.141396064483786,61.020541513096035,Low Corruption
64.22677837163452,49.83415252081121,High Corruption
43.98399144679038,36.24865371097938,High Corruption
57.722227064780576,34.29249711719134,High Corruption
42.73538453426164,44.25803890547545,High Corruption
56.71171789524389,51.55986201215212,Low Corruption
48.20120969827623,29.253818522077296,High Corruption
41.79889346270011,43.39028672413181,High Corruption
45.4298845524378,62.42204033899754,Low Corruption
42.53904751791061,44.646791549667306,High Corruption
39.4928779974634,34.89371507953486,High Corruption
42.55513767283359,41.87584105969841,High Corruption
43.031801852503065,64.8577666766617,Low Corruption
48.311128533814696,55.526715897968984,Low Corruption
67.39313140031874,66.87447454999901,Low Corruption
24.477888332561808,48.73513277611734,Low Corruption
42.218902771196085,53.21679775235989,Low Corruption
58.68647773343362,37.206854122411215,Low Corruption
73.11094646576068,56.4410838177706,Low Corruption
55.21692975927228,38.06828144228199,Low Corruption
51.08880083364096,22.959043747147927,Low Corruption
41.391715922196,48.55160556224221,Low Corruption
47.14865762409883,78.59480417339152,Low Corruption
60.06284334487116,59.6727754679069,High Corruption
40.045992267378274,65.69409777938638,Low Corruption
48.22281921508438,52.36700517601609,High Corruption
52.18603164578683,36.378862039279525,Low Corruption
59.11245256223565,43.09393016039414,High Corruption
65.48013938143703,41.92041458881327,High Corruption
52.73639755122866,38.690243356644416,Low Corruption
43.25799826940543,58.07386586950258,Low Corruption
73.00151055499063,26.64783635727817,Low Corruption
46.604332580745414,60.754477630609486,Low Corruption
69.32017599290643,60.71789336835505,Low Corruption
49.60161120483473,26.62703160975799,High Corruption
54.5540336887457,57.00499679721969,High Corruption
14.093085547736035,86.59993183835294,Low Corruption
46.729503674812825,37.227370870745766,High Corruption
43.67943309851105,60.39978339397912,Low Corruption
37.07353600147739,33.50908865530912,High Corruption
26.53105153821242,64.7926989558604,Low Corruption
61.17664331760666,50.56508245777466,High Corruption
56.12466629190226,73.73701485304291,High Corruption
30.565601246810814,22.32433212083355,High Corruption
53.72837713183575,45.588519378812784,Low Corruption
30.562027224386952,37.727969678489984,High Corruption
30.490365921093687,43.17616679052574,High Corruption
57.210078460313994,36.0314449440428,Low Corruption
38.40152541979603,32.6556211767825,High Corruption
60.84791717597724,56.000675442794886,High Corruption
50.858712673469675,28.46218360295707,Low Corruption
50.59043149550152,70.96243868802318,High Corruption
42.14320296527137,26.832223382225617,High Corruption
27.922479963739438,48.10680901820323,Low Corruption
59.7299104087522,55.24485840478999,High Corruption
48.68451033735177,56.13310330561131,High Corruption
43.87316041890335,41.44942747595456,Low Corruption
47.60171792172436,47.75020982547138,High Corruption
64.95995622990888,62.32282876598978,Low Corruption
40.20724000345927,22.365728389275397,High Corruption
37.21564728003754,33.516726206892,High Corruption
35.759353487155956,51.73149721171344,Low Corruption
22.70695002064036,39.085525694168695,High Corruption
55.51171159582648,69.0779496586736,High Corruption
47.67215774372646,57.5629690308546,High Corruption
49.841610981966674,47.628982463839925,High Corruption
50.89348901983426,21.51805078331467,Low Corruption
38.463784400410304,46.8676547744629,Low Corruption
34.53114174556724,41.20699393160323,Low Corruption
60.760994257177536,44.74485401055075,Low Corruption
27.626261763465244,26.90902887957777,High Corruption
52.216874402733445,54.67747623912796,High Corruption
37.348047149544755,29.265782405309572,High Corruption
52.007790229900664,42.69760127143719,Low Corruption
33.61785120642327,52.74001456067548,Low Corruption
40.85372165833783,33.48737350656492,High Corruption
73.30088028355281,56.071228439969936,High Corruption
61.71314840618307,24.678731255090483,Low Corruption
21.310553260001814,0,High Corruption
47.28171237856304,54.120690827678374,Low Corruption
36.784063153968695,60.32765402420724,Low Corruption
29.400385560613895,41.71222250917967,High Corruption
48.49549369453815,54.767847719839324,Low Corruption
52.54757102709351,27.332818131244725,Low Corruption
41.875009870878785,44.334957246434456,High Corruption
84.68064296239449,14.34941174573309,Low Corruption
6.8177664319629905,65.95732682388008,Low Corruption
54.2360970174934,77.17449365865836,High Corruption
38.64944257394022,64.18618296978991,Low Corruption
57.38127320658866,45.984349052004006,Low Corruption
39.557171165696694,45.88546359204578,High Corruption
42.074663781955245,21.380708852604638,High Corruption
16.722997170053258,59.49876591123265,High Corruption
44.05660238750871,42.95356351353015,Low Corruption
88.68289383500039,35.582510636707475,Low Corruption
67.18455540649222,23.10017700906962,High Corruption
74.63059303951324,41.48221921304643,Low Corruption
64.17460102166179,32.40412521379692,High Corruption
66.40626053134355,39.87469973198232,Low Corruption
65.16467284677384,26.31339402695642,Low Corruption
48.960072726373134,74.32658987060444,High Corruption
37.43629232440597,46.17183519940154,Low Corruption
34.72735514954304,64.20159935667196,Low Corruption
29.38362763179903,3.438793319246568,High Corruption
48.107639542755955,38.94643943562577,Low Corruption
63.36598875240569,35.27281074625077,Low Corruption
67.25526001001391,26.22536965433595,Low Corruption
43.30322880121847,71.99665022251685,Low Corruption
42.4937055633882,23.046363972000197,High Corruption
98.59255113477185,51.69824459967734,Low Corruption
55.86151987554484,60.42510302892712,High Corruption
68.99746939646926,49.381200020789315,Low Corruption
44.131671312205626,31.97121916477303,High Corruption
43.110390015950706,61.990669439221946,Low Corruption
53.40463133503359,49.25556228335612,High Corruption
77.10015006114897,28.860192949327534,Low Corruption
46.200622210579915,23.49643348999296,High Corruption
53.75462862073718,80.92285792731158,High Corruption
15.266345764583066,35.22288600025996,High Corruption
44.557295012356626,15.769827468354933,High Corruption
24.271522415400053,55.24932186871021,Low Corruption
63.63696254390614,51.56338665297409,High Corruption
48.45296480213771,24.061889780801277,Low Corruption
46.71610429019189,14.325645730194816,High Corruption
69.11674106054933,44.51420732033584,Low Corruption
61.01916792838726,65.26676526489442,High Corruption
30.271431689699966,56.9493354865815,Low Corruption
55.203640208927794,38.2896750707776,Low Corruption
29.687196436620145,32.64992523216399,High Corruption
38.23164043768361,50.916143235197495,Low Corruption
72.2137307660328,49.036835789996516,High Corruption
68.0213314823142,56.84336151615631,High Corruption
65.83601130725533,39.8950700476768,Low Corruption
34.68154710940799,61.29965911765306,High Corruption
19.184365017475166,32.705731011444854,High Corruption
28.916232161552934,40.97349096011067,Low Corruption
59.66948368505255,58.679523820284686,High Corruption
38.89469174171464,62.79726830263455,Low Corruption
18.226120461830916,14.399217842590097,High Corruption
43.505095935995975,48.207807908614306,High Corruption
67.44768046325616,56.497412477988775,High Corruption
61.74606791894508,22.458965481233754,Low Corruption
32.004528651947936,54.37945944130254,Low Corruption
24.566832616058576,32.74931616663027,High Corruption
30.18544043303143,63.29771998508635,Low Corruption
45.56909838925573,55.33563536007035,Low Corruption
58.54265167739483,59.14620100462319,Low Corruption
15.186489180233176,48.43139635304947,Low Corruption
60.40985714665762,60.70956305086388,High Corruption
42.39611138599836,69.251654110292165,High Corruption
49.58116593111963,78.93189593748777,Low Corruption
20.27202780615205,45.967027610145344,High Corruption
43.26056855530385,9.266910728677146,High Corruption
39.441359264293254,46.957325002588604,Low Corruption
62.8570768904847,49.8335526671431,High Corruption
63.76432216453356,43.8689581683277,Low Corruption
51.90942592998342,55.82823991956134,High Corruption
69.27285841680074,63.13947604173096,Low Corruption
40.12784541138147,37.875763761244194,High Corruption
63.95895217998866,41.57587882504545,High Corruption
44.88879733269401,53.01132314301525,Low Corruption
37.7902779622369,37.342921270131754,High Corruption
61.28802769232854,47.9446528700955,High Corruption
75.23983415205065,14.015750509470863,Low Corruption
64.455027155112,27.928057053344435,Low Corruption
42.82660964714368,24.49288728746016,High Corruption
41.93950481119247,32.32872112357658,High Corruption
71.10875340771295,34.978267986708204,Low Corruption
51.18529835436798,52.754546704711046,High Corruption
56.91801928570046,62.66739147437386,High Corruption
43.64006907251712,34.415054546346525,High Corruption
70.21002385198707,29.961845012024625,Low Corruption
37.09743947954476,29.220624540512354,High Corruption
58.12498896465834,39.584520522136856,Low Corruption
34.382777480210805,42.48594238701645,High Corruption
5.622776956073658,54.42890623737817,Low Corruption
26.19913559682291,41.125864789749876,Low Corruption
55.61399381362839,12.085734843375393,Low Corruption
61.22509130823464,44.92519729764117,Low Corruption
14.790333870926311,66.05658485104281,Low Corruption
22.80801809511876,66.1295412732843,Low Corruption
77.63225913512247,33.397345478179034,Low Corruption
44.746830287065166,20.85666502528899,High Corruption
46.97111164875768,87.05993336371469,Low Corruption
38.800073631899735,43.75200539772454,High Corruption
42.26038042115503,44.82575656214659,Low Corruption
46.79503140373957,53.3870077631584,Low Corruption
52.10765280096088,19.76155771809606,Low Corruption
45.99091251514636,34.40124513129963,High Corruption
44.14647833333088,20.977874132087763,High Corruption
0,34.981737171164596,High Corruption
76.38776920311709,48.40049313750264,Low Corruption
79.89824229513574,23.882159893864632,Low Corruption
27.15699813042597,56.186771125266965,Low Corruption
43.11383589763657,51.2182062338687,Low Corruption
71.74795047952223,31.492613390625145,Low Corruption
62.05764471126746,50.17670867597835,High Corruption
64.85278282405234,58.799617381757265,Low Corruption
26.114403901132277,63.972707465341806,Low Corruption
88.83944704950336,42.9186244501205,Low Corruption
28.833590381362278,44.88879693667412,Low Corruption
59.13709014851322,45.00320564642396,High Corruption
44.38253869903201,70.2589106803492,Low Corruption
36.64260665507472,65.03003020779128,Low Corruption
37.9670422314769,60.2262088536701,Low Corruption
31.73868917158061,41.68750887399619,Low Corruption
71.61769305024428,52.604753512251676,High Corruption
46.887031569964705,53.10136262972895,Low Corruption
54.257232324236845,29.220881773648387,Low Corruption
55.66702811232146,17.8731333324096,Low Corruption
38.654085551952186,57.043636714326226,Low Corruption
33.43815917744692,21.16184727983567,High Corruption
50.81613060904071,46.46412998647932,Low Corruption
12.300654804858144,50.57207492819007,Low Corruption
22.139672000965145,55.75517156838375,Low Corruption
28.840831415700528,49.56689483733469,Low Corruption
31.76794119284051,34.32464891406983,High Corruption
45.29730372694269,62.737677173807604,Low Corruption
66.84156566422139,75.17018345622284,High Corruption
19.565317646643315,60.99928230168029,High Corruption
59.95890395306529,14.314168139385314,High Corruption
56.70075441425498,69.56668040517499,High Corruption
31.02540722240824,45.509884345936804,Low Corruption
44.209555949093485,55.111405175391134,Low Corruption
57.97933533362527,56.716461068669055,Low Corruption
42.95001696904395,44.83840241146997,High Corruption
43.440726609403114,45.192451856461325,High Corruption
48.41410671640067,63.2796076662754,Low Corruption
43.49371891921547,58.19673591314011,Low Corruption
34.634458508094426,62.8020715801379,Low Corruption
36.85991129938697,85.8182196205385,Low Corruption
74.86248113128393,57.41690605876417,High Corruption
60.116146177836285,49.86363041785043,High Corruption
39.15324884025971,9.901833168186549,High Corruption
18.091903688052096,90.92145493213255,Low Corruption
42.51177136354452,38.45924897148997,Low Corruption
60.46377526930926,85.68283321957175,High Corruption
50.243492111181034,52.627926158053114,High Corruption
30.5293939100477,71.86147907864294,Low Corruption
61.272764534098535,44.62315456798775,Low Corruption
42.95816887491402,54.88922807232347,High Corruption
28.050492242388454,49.97232358854918,Low Corruption
54.7531447709076,43.360343143858366,Low Corruption
71.62106832501053,44.446591507838676,Low Corruption
50.47086617740592,63.17511374454596,Low Corruption
50.47714172167921,43.10686574326567,Low Corruption
42.748612834668556,12.760136176469638,High Corruption
56.50708856807588,43.198901254135166,Low Corruption
27.80853620614617,55.357261761094534,Low Corruption
18.201489321487507,56.62428307486959,Low Corruption
44.06680954003608,56.626135736587834,Low Corruption
51.62653948913953,18.47144937350063,Low Corruption
83.56072416479574,52.5303936707706,Low Corruption
24.090629325769743,62.43182331562005,Low Corruption
45.38848684899591,67.53393751378519,Low Corruption
60.403000739244014,42.71843665441847,High Corruption
64.65974539599382,41.116481854547956,Low Corruption
41.791213743335156,71.02535418890483,Low Corruption
40.16229741841449,18.870957152737795,High Corruption
47.09152134630109,39.21694603888716,High Corruption
76.44204519859237,53.99664287864434,High Corruption
59.70001453596897,19.699841916168722,Low Corruption
12.996166046980473,51.05763006345929,Low Corruption
63.581844933785646,77.47120014620768,High Corruption
55.44241899744584,46.36919496884794,Low Corruption
47.10015112725672,41.83437793947189,Low Corruption
44.9315776357432,54.28502776216904,Low Corruption
45.234785530936385,41.82416202867039,Low Corruption
48.2531733624339,59.87912841875279,High Corruption
35.74234568847544,61.38363807868288,High Corruption
51.18702629615396,46.48078845001239,High Corruption
35.561366367232026,26.989465475582143,Low Corruption
54.196792367996,24.650465212970047,Low Corruption
66.43466949174524,36.63601440063523,Low Corruption
52.364097357848834,59.61437276928338,High Corruption
69.64746212500917,14.073634025193346,Low Corruption
35.278798065241936,15.261573509559975,Low Corruption
49.72608642986053,35.63148091244794,Low Corruption
55.39512446802137,52.954349643747335,Low Corruption
32.52017251308798,31.33807184306447,High Corruption
69.05414429736203,61.09133979353961,High Corruption
29.04649662960896,51.94580977400507,Low Corruption
49.936538931598946,43.61619433287538,Low Corruption
46.55300940906957,59.96883142238215,Low Corruption
47.451683481550624,52.85469884388044,High Corruption
44.79674391824352,39.06646960091944,Low Corruption
53.231491210991635,50.2558714390564,High Corruption
28.095528833899706,57.137563411616156,Low Corruption
24.882738191136713,52.32449225180263,Low Corruption
38.34189326211293,35.56156663710961,High Corruption
43.07546280711133,60.56997475354346,Low Corruption
63.232762691659794,65.49053569438476,Low Corruption
71.36362649380708,51.00221098185802,High Corruption
51.41498819002004,48.81787874703028,High Corruption
53.11906310677023,45.186471122391566,High Corruption
35.88415854038724,82.15737619594285,High Corruption
46.6289014422882,51.002888173196226,High Corruption
24.685648925313224,43.82022619183036,High Corruption
59.46259101140961,4.988698150984682,Low Corruption
43.169736917391276,20.567361476759505,High Corruption
52.371864466003196,45.15262245966736,Low Corruption
40.52270150486624,49.84566403461814,Low Corruption
35.22438494471054,51.01209233431102,High Corruption
40.58419916271666,60.01310056774124,Low Corruption
41.47335695909336,43.22760548026334,High Corruption
60.428951656442855,66.50944922682527,Low Corruption
53.06756062461916,31.206684662794242,Low Corruption
57.57725329221384,26.464733439991655,Low Corruption
30.756509289655153,26.12521788016034,High Corruption
68.40979484643894,58.70402466116662,High Corruption
49.571928033016235,45.06591113130166,Low Corruption
30.448192529944546,59.48938829674707,Low Corruption
52.570694156008,42.01200036045644,Low Corruption
62.632665218252434,36.65428075835779,Low Corruption
25.695991170442,40.348651538990865,High Corruption
79.85428491727296,15.818661053001899,Low Corruption
47.964163169469465,27.106423237258586,Low Corruption
69.39338398226087,22.60422967610737,Low Corruption
44.51771981851043,63.860772433142486,Low Corruption
43.32302899666241,36.56440874116704,High Corruption
14.724897114835187,59.48347059717821,Low Corruption
24.194246713935236,71.49888992982942,Low Corruption
46.69678228943756,43.266899366495636,High Corruption
59.13415932401899,51.127885792511485,Low Corruption
22.13766789004871,17.496935984980823,High Corruption
71.47571200082893,32.90639407239119,Low Corruption
69.04262320975579,47.36535014241225,High Corruption
27.413191414506315,51.379223801593064,Low Corruption
56.773873084062224,33.88595904013507,Low Corruption
21.508684950164497,90.80816433480427,Low Corruption
46.20612996906059,38.860627699043704,High Corruption
61.459750403533974,47.49803818128807,Low Corruption
58.6088188762706,57.1752196500124,High Corruption
33.18410133302972,46.006301990980106,High Corruption
42.60052757256283,35.80025881070851,High Corruption
27.70094629724345,63.71175765435013,High Corruption
47.00881543582891,73.1359376306075,Low Corruption
21.789461806038197,45.94556080966221,High Corruption
2.6907416939087194,55.728728105727654,Low Corruption
70.6742518528802,44.826396998277254,Low Corruption
80.00775585516651,63.23495497401592,High Corruption
43.14880343674406,27.328672091542817,High Corruption
51.51573109211128,84.79246564861475,Low Corruption
48.56366604232416,36.461924087096016,Low Corruption
75.12160551153768,22.326337042593085,Low Corruption
56.776240050869845,40.636790393772124,Low Corruption
49.54570299766825,48.86091132774812,High Corruption
12.619249789303183,73.26940535335795,Low Corruption
61.217124003079434,61.49559345583258,Low Corruption
40.64955332254685,48.79067199023066,High Corruption
28.659082932807785,23.47272632860014,Low Corruption
46.28538914895521,32.12355787305575,Low Corruption
45.23244145485298,43.73774302472286,High Corruption
55.55950185777302,88.62940173541323,High Corruption
33.96531738550908,15.692880468695138,High Corruption
34.150030711753544,65.12890548244076,High Corruption
72.34966026418493,37.72286158762874,Low Corruption
63.22162801135425,73.96963656205897,Low Corruption
69.09576185718387,27.609076555554385,Low Corruption
72.98003555892993,48.80992233404857,High Corruption
53.556497951996285,28.264355237858595,Low Corruption
34.491751330010686,61.36844941159153,Low Corruption
50.89741041515804,70.95828316791155,High Corruption
57.487257519347644,78.67528571150586,High Corruption
82.96310343503666,59.618011238708256,High Corruption
9.248655366954054,76.89941322689144,Low Corruption
47.12958530820154,67.03557861948484,Low Corruption
57.68955982165652,44.25684701996192,Low Corruption
44.334500657694875,54.320155664547045,Low Corruption
24.837707749247816,30.372447095998332,Low Corruption
59.254097470129885,43.37552341347679,Low Corruption
30.30304528007683,66.61480551805278,High Corruption
53.13333170341309,55.381945015191334,Low Corruption
59.857260475154575,53.99491174426313,Low Corruption
70.71102170856841,29.279423554022525,Low Corruption
23.656127278965993,36.445695155812565,High Corruption
66.58291237115644,33.79988969597238,Low Corruption
33.31152353805775,52.96924056489445,Low Corruption
29.21623645130536,30.066481367878232,Low Corruption
66.05668541440811,55.724993810125625,High Corruption
68.75012344688052,27.985624665085147,Low Corruption
36.970954976900714,76.65587913466197,Low Corruption
57.46867544462737,54.048359388243874,Low Corruption
35.1740161248783,34.851027527135805,High Corruption
43.54341418080708,50.41999806855591,Low Corruption
46.371455995959124,40.611415760225114,Low Corruption
41.041213385660896,52.57015528804002,Low Corruption
57.75740762133026,50.46109643989526,High Corruption
74.70491751525643,29.676343118712996,Low Corruption
41.96448374148031,33.35849681302842,Low Corruption
45.257249686166126,51.387599225990414,Low Corruption
67.77648207908513,73.52442392616099,High Corruption
37.972356445284156,64.36144446870553,Low Corruption
6.910984151329412,36.11426468630357,High Corruption
52.3491414481521,60.086084479506276,High Corruption
32.65734734291891,45.633629558899955,Low Corruption
29.732278887213482,51.41602460486235,Low Corruption
68.7372895499993,50.73922051161266,High Corruption
77.80208502832724,88.99999068406942,High Corruption
33.84683015438591,26.847391170120115,High Corruption
62.98661613223307,48.104176440730825,Low Corruption
50.95203174952554,17.019152902598638,Low Corruption
47.127807473071634,56.18434572607829,Low Corruption
62.85926049522067,64.55962378530415,High Corruption
45.53231635681768,70.3283308380327,High Corruption
39.25181031427966,14.620005463244723,High Corruption
37.85992447666698,53.25802196534228,Low Corruption
52.648997315329495,72.76945190532024,High Corruption
10.541965284200353,39.59398806259091,High Corruption
65.02453182406624,42.930155898513824,High Corruption
21.6817074224005,45.83246444840233,High Corruption
45.92413046571133,52.46885969864057,High Corruption
41.548609522230414,57.42920212300273,Low Corruption
63.28650478572535,68.2155350320609,High Corruption
50.08597152356475,44.85820937694797,Low Corruption
47.751928146319486,49.68013261430963,High Corruption
49.966900427486586,87.5546995607719,Low Corruption
32.07119859765344,53.560946977766974,Low Corruption
42.99054622864734,49.55577024952413,Low Corruption
69.9791363009187,24.25345424242792,Low Corruption
57.71740262876324,46.48350521465641,Low Corruption
26.961724505906165,42.77851315831404,High Corruption
57.03072043018867,46.25375305203589,Low Corruption
26.459214122770096,36.926549237775305,High Corruption
39.33839306533133,35.08550768750908,High Corruption
68.51765401159786,34.524294337832224,Low Corruption
11.265008769089729,42.891252321590216,High Corruption
13.76358905106898,69.04702248503199,High Corruption
64.28350453364176,63.7742444902108,High Corruption
34.80971791982271,40.48710326356033,High Corruption
72.14597887902018,18.573668111389736,Low Corruption
46.755458589413074,32.47812692706155,High Corruption
55.089138956797925,38.87103300629662,High Corruption
59.479204976827326,48.14909841221548,High Corruption
38.410601562704585,35.48559227589264,High Corruption
35.402144271299925,79.60011464779751,High Corruption
40.95004514486808,41.93662021493378,High Corruption
95.89372475316496,26.37380766970278,Low Corruption
49.225589187371845,44.10171343783349,Low Corruption
57.57236822442633,29.82073014137911,Low Corruption
40.767821345522556,49.01704275356668,Low Corruption
42.108946932264246,50.29749690326947,Low Corruption
67.75543630493392,52.31299407712605,High Corruption
46.51157536612344,19.632338711995136,High Corruption
46.359029875677095,50.08393354124663,Low Corruption
51.804012559879155,51.56701962629714,High Corruption
44.37473487475238,22.9500706940404,High Corruption
75.15225211811224,62.22534582434233,High Corruption
21.272766919625855,59.396061313745705,High Corruption
71.67164184937633,84.441424273272915,Low Corruption
40.59191560722514,49.026087487793774,Low Corruption
68.40032514710181,47.20865517702605,High Corruption
14.312238118767523,48.03254930939445,Low Corruption
61.882544680518414,47.589309764085755,High Corruption
66.76709240138983,15.887148507476878,Low Corruption
31.68947537797399,18.81808802573507,High Corruption
34.64874675119168,45.15484090177685,High Corruption
51.72152391327211,36.833177689383284,Low Corruption
64.9476260829053,47.340918319265384,High Corruption
41.2213644140918,11.544996009213628,High Corruption
47.959685188393046,21.66776720313536,Low Corruption
75.53229428182108,28.232417435111323,High Corruption
25.4621701810146,62.73259291896186,Low Corruption
65.50362957676242,28.28188898629301,Low Corruption
56.52467623235331,33.22297663466731,Low Corruption
28.720205770318692,47.75635483848826,Low Corruption
37.05082399943253,41.10237176034103,High Corruption
58.859680252142375,48.85609700941865,High Corruption
43.33755196565939,84.53137283786354,Low Corruption
73.25671628809792,27.850316283534625,High Corruption
38.05711885569734,41.38789896647304,High Corruption
20.857545808486087,37.89597559224755,High Corruption
58.720755396937854,71.43121020204374,High Corruption
39.43838282947872,33.71925742663299,High Corruption
48.94213111883029,45.07967851002112,Low Corruption
71.8362709637257,59.44502555108265,High Corruption
46.12299591932245,28.941295589992944,High Corruption
66.32353374045285,73.79089890547039,High Corruption
26.944682217131373,57.60442712004554,Low Corruption
65.06756217423411,28.68321342125365,Low Corruption
49.249437302294155,53.94897540767127,High Corruption
35.59201517409157,42.91104093259731,High Corruption
25.17141264479771,51.61294222730203,High Corruption
48.26537349635463,44.949311051368184,Low Corruption
47.404513382949865,64.12840193158699,High Corruption
55.54448250690389,24.10707295354272,Low Corruption
57.050223826827384,37.79917461872699,Low Corruption
40.146600937972735,42.318004510032296,High Corruption
