leader,startdate,enddate,angloedu,westedu,noedu,polity2change,BMRtransition,ethfrac,britcolony,igdp,ioil,usally,studentflowthousand
A. Nastase,28/12/2000,21/12/2004,0,0,0,0,0,0.2521630525588989,0,0.0514843017578125,0,0,0.3149999976158142
AL-Sallal,27/09/1962,05/11/1967,0,0,1,3,0,0.037243664264678955,1,0.010772700195312498,0,0,0.013000000268220901
Abacha,17/11/1993,08/06/1998,0,0,1,-1,0,0.868931770324707,1,0.0108147998046875,1,0,2.2160000801086426
Abboud,18/11/1958,01/11/1964,0,0,0,-15,0,0.7350702881813049,1,0.009975900268554687,0,0,0.017000000923871994
Abdoulaye Wade,02/04/2000,31/12/2004,0,1,0,9,1,0.7227722406387329,0,0.014923800048828125,0,0,0.5709999799728394
Abdullah,01/01/1996,31/12/2004,0,0,1,0,0,0.05857950448989868,0,0.16932560546875,1,0,4.190999984741211
Abdullah As-Sabah,29/01/1950,24/11/1965,0,0,1,0,NA,0.18468618392944336,1,0.6491351,1,0,0
Abdullah Ibn Hussein El-Hashimi,07/02/1999,31/12/2004,1,1,0,0,0,0.046628594398498535,1,0.03911800048828125,0,0,0.1469999998807907
Acheampong,13/01/1972,05/07/1978,0,0,0,-10,0,0.7061232924461365,1,0.01141300048828125,0,0,0.6470000147819519
Adami,06/09/1998,31/12/2004,0,0,0,NA,0,NA,1,0.1657226953125,NA,0,0.04800000041723251
Adami,12/05/1987,28/10/1996,0,0,0,NA,0,NA,1,0.10051980468749999,NA,0,0.03799999877810478
Adamkus,26/02/1998,25/02/2003,1,1,0,0,0,0.34649068117141724,0,0.08299389648437501,0,0,0.3190000057220459
Adams,08/10/1976,11/03/1985,1,1,0,NA,0,NA,1,0.11534480468750001,NA,1,0.1379999965429306
Afeworki,24/05/1993,31/12/2004,0,0,1,-1,NA,0.5874999761581421,0,0.0056825,0,0,0
Ahidjo,01/01/1960,06/11/1982,0,0,1,-2,NA,0.8918985724449158,0,0.0091948,0,0,0.006000000052154064
Akayev,27/10/1990,31/12/2004,0,0,0,0,NA,0.662595272064209,0,0.034841,0,0,0
Al-Assad H.,22/02/1971,10/06/2000,0,0,1,0,0,0.223094642162323,0,0.010608900146484374,0,0,0.4690000116825104
Al-Bashir,30/06/1989,31/12/2004,0,0,1,-13,0,0.7350702881813049,1,0.01027739990234375,0,0,0.4959999918937683
Al-Hamadi,13/06/1974,11/10/1977,0,0,1,-1,0,0.037243664264678955,1,0.01301050048828125,0,0,0.020999999716877937
Al-Iryani,05/11/1967,13/06/1974,0,0,0,0,0,0.037243664264678955,1,0.010772700195312498,0,0,0.014999999664723873
Al-Mirghani,06/05/1986,30/06/1989,1,1,0,7,1,0.7350702881813049,1,0.009694299926757813,0,0,0.5339999794960022
Alejandro Toledo,28/07/2001,31/12/2004,1,1,0,4,1,0.5896865129470825,0,0.042045000000000006,0,0,2.7850000858306885
Aleman,10/01/1997,10/01/2002,0,0,0,0,0,0.17932868003845215,0,0.032868701171875,0,0,0.6579999923706055
Alfonsin,10/12/1983,08/07/1988,0,0,0,16,1,0.30731916427612305,0,0.09511019531249999,0,1,1.1690000295639038
Alfonso Portillo Cabrera,15/01/2000,14/01/2004,0,0,0,0,0,0.6436841487884521,0,0.03824169921875,0,0,0.9900000095367432
Ali Didi,02/09/1953,12/12/1957,0,0,1,NA,NA,NA,1,0.0062616,NA,0,0
Ali Nassir Hassani,02/04/1980,24/01/1986,0,0,1,0,0,0.1722642183303833,1,0.005580000000000001,0,0,0.0020000000949949026
Ali Rubayyi,24/06/1969,26/06/1978,0,0,1,-2,0,0.1722642183303833,1,0.00407,0,0,0.017000000923871994
Alia,13/04/1985,03/04/1992,0,0,0,10,0,0.08787798881530762,0,0.0396152001953125,0,0,0.0010000000474974513
Alvarez Armalino,01/09/1981,01/03/1985,0,0,1,0,0,0.1981624960899353,0,0.086208203125,0,1,0.2150000035762787
Amad Al Thani,27/06/1995,31/12/2004,0,0,1,0,0,NA,1,0.25532509765625,NA,0,0.4269999861717224
"Amin, Idi",25/01/1971,11/04/1979,0,0,1,0,0,0.8994653224945068,1,0.010581700439453126,0,0,0.25699999928474426
An-Nahayan,02/12/1971,31/12/2004,0,0,1,0,NA,0.180867999792099,1,0.1091562,1,0,0
Anastasio Somoza Debayle,01/05/1967,17/07/1979,0,0,1,0,0,0.17932868003845215,0,0.0583314990234375,0,1,0.28600001335144043
Anastasio Somoza Garcia,26/05/1947,29/09/1956,1,1,0,0,0,0.17932868003845215,0,0.021885703125,0,1,0.08500000089406967
Andres Perez,02/02/1989,31/08/1993,0,0,0,-1,0,0.10734701156616211,0,0.08148029785156251,1,1,2.640000104904175
Andres Perez,12/03/1974,12/03/1979,0,0,0,0,0,0.10734701156616211,0,0.078215498046875,1,1,1.965000033378601
Anerood Jugnauth,18/09/2000,30/09/2003,1,1,0,0,0,0.580323338508606,1,0.140653896484375,0,0,0.1889999955892563
Anerood Jugnauth,16/06/1982,22/12/1995,1,1,0,1,0,0.580323338508606,1,0.0635593994140625,0,0,0.09200000017881393
Ankrah,24/02/1966,03/04/1969,0,0,1,2,0,0.7061232924461365,1,0.003320899963378906,0,0,0.28200000524520874
Aquino,25/02/1986,30/06/1992,1,1,0,14,1,0.745177149772644,0,0.02913669921875,0,1,3.364000082015991
Arana Osorio,01/07/1970,01/07/1974,0,0,1,-2,0,0.6436841487884521,0,0.0310252001953125,0,1,0.3190000057220459
Arango,07/08/1998,07/08/2002,1,1,0,0,0,0.06015270948410034,0,0.061913598632812504,0,0,4.34499979019165
Arbenz Guzman,01/03/1951,27/06/1954,0,0,1,0,0,0.6436841487884521,0,0.02295159912109375,0,1,0.22699999809265137
Arias,08/05/1986,08/05/1990,1,1,0,0,0,0.07109004259109497,0,0.061147001953125,0,1,0.6190000176429749
Aristide,08/02/2001,29/02/2004,0,1,0,0,0,0.013591229915618896,0,0.020692900390625,0,0,1.1449999809265137
Arthur,07/09/1994,31/12/2004,0,0,0,NA,0,NA,1,0.132604697265625,NA,0,0.460999995470047
Arzu Yrigoyen,14/01/1996,14/01/2000,0,0,0,5,0,0.6436841487884521,0,0.0361125,0,0,0.7749999761581421
Attas,24/01/1986,22/05/1990,0,0,1,1,0,0.1722642183303833,1,0.007019999999999999,0,0,0.03400000184774399
Ayatollah Khomeini,01/02/1979,03/06/1989,0,0,1,4,0,0.7565816640853882,0,0.066552998046875,1,1,30.98900032043457
Ayub Khan,07/10/1958,25/03/1969,0,0,1,-7,0,0.6445090174674988,1,0.008147899780273438,0,1,0.37299999594688416
Azcona Hoyo,27/01/1986,27/01/1990,0,0,0,1,0,0.16173255443572998,0,0.023368100585937503,0,1,0.9309999942779541
Babangida,27/08/1985,26/08/1993,0,0,1,2,0,0.868931770324707,1,0.008966099853515626,1,0,15.70300006866455
Bagabandi,20/06/1997,31/12/2004,0,0,0,0,0,0.3832249641418457,0,0.014136400146484375,0,0,0.0989999994635582
Bagaza,09/11/1976,03/09/1987,0,0,1,0,0,0.03551065921783447,0,0.007982600097656249,0,0,0
Balaguer,16/08/1986,16/08/1996,0,1,0,-1,0,0.036988794803619385,0,0.04179990234375,0,1,0.628000020980835
Balaguer,01/07/1966,01/07/1978,0,1,0,-3,1,0.036988794803619385,0,0.023170900878906248,0,1,0.21400000154972076
Balewa,01/10/1960,15/01/1966,1,1,0,-1,NA,0.868931770324707,1,0.0110578,0,0,0.20900000631809235
Balladares,01/09/1994,01/09/1999,1,1,0,1,0,0.26085156202316284,0,0.0699927001953125,0,0,1.5449999570846558
Banda,06/07/1964,21/05/1994,1,1,0,1,NA,0.6202696561813354,1,0.0045906,0,0,0
"Bandaranaike, S",31/05/1970,23/01/1977,0,0,1,1,0,0.46704143285751343,1,0.011753599853515626,0,0,0.1289999932050705
"Bandaranaike, S",22/07/1960,25/03/1965,0,0,1,0,0,0.46704143285751343,1,0.008231300048828126,0,0,0.06199999898672104
"Bandaranaike, S.W.R.D.",12/04/1956,26/09/1959,1,1,0,0,0,0.46704143285751343,1,0.008998599853515626,0,0,0.03400000184774399
Banzer Suarez,06/08/1997,07/08/2001,0,0,1,0,0,0.678132951259613,0,0.0279425,0,0,0.7210000157356262
Banzer Suarez,22/08/1971,21/07/1978,0,0,1,-2,0,0.678132951259613,0,0.025461298828125,0,1,0.460999995470047
Barrow,18/11/1966,08/09/1976,1,1,0,NA,NA,NA,1,0.0831298,NA,1,0.10599999874830246
Bashar al-Assad,11/06/2000,31/12/2004,1,1,0,2,0,0.223094642162323,0,0.019945999755859378,1,0,0.03999999910593033
Batista,10/03/1952,01/01/1959,0,0,1,-12,0,0.03572362661361694,0,0.02668010009765625,0,1,0.675000011920929
Batlle Berres,01/08/1947,01/03/1951,0,0,1,0,0,0.1981624960899353,0,0.02116580078125,0,1,0.01899999938905239
Batmonh,23/08/1984,12/03/1990,0,0,1,0,0,0.3832249641418457,0,0.016039100341796876,0,0,0.004000000189989805
Belaunde,28/07/1963,03/10/1968,1,1,0,11,1,0.5896865129470825,0,0.03508239990234375,0,1,0.46399998664855957
Belaunde,28/07/1980,28/07/1985,1,1,0,4,1,0.5896865129470825,0,0.047556201171875,0,1,1.3079999685287476
Ben Ali Bourguiba,25/07/1957,07/11/1987,0,0,1,1,0,0.15825098752975464,0,0.015793299560546873,0,0,0
Benjedid,07/02/1979,11/01/1992,0,0,1,7,0,0.4352734088897705,0,0.045189399414062505,1,0,1.1740000247955322
Berisha,09/04/1992,24/07/1997,0,0,0,-1,0,0.08787798881530762,0,0.020834799804687498,0,0,0.007000000216066837
Betancourt,13/02/1959,01/12/1963,0,0,0,0,1,0.10734701156616211,0,0.0650683984375,1,1,0.9800000190734863
Betancur,07/08/1982,07/08/1986,0,0,0,0,0,0.06015270948410034,0,0.048361699218750005,0,1,3.4509999752044678
Bharrat Jagdeo,11/08/1999,31/12/2004,0,0,0,0,0,0.5838412046432495,1,0.034052900390625,0,0,0.45899999141693115
Bhutto,20/12/1971,05/07/1977,1,1,0,8,1,0.6445090174674988,1,0.012399599609375,0,1,1.5759999752044678
Bhutto Benazir,19/10/1993,05/11/1996,1,1,0,0,0,0.6445090174674988,1,0.0227977001953125,0,0,7.135000228881836
Birendra,31/01/1972,09/11/1990,1,1,0,7,0,0.6992368698120117,0,0.0084877001953125,0,0,0.10700000077486038
Biya,06/11/1982,31/12/2004,0,1,0,4,0,0.8918985724449158,0,0.004563999938964844,1,0,0.765999972820282
Blanco,16/08/1982,16/08/1986,0,1,0,0,0,0.036988794803619385,0,0.0420422998046875,0,1,0.5090000033378601
Bob Denard,13/05/1978,18/12/1989,0,0,1,-3,0,NA,0,0.017630500488281253,NA,0,0.004999999888241291
Bokassa,01/01/1966,21/09/1979,0,0,1,0,0,0.6862994432449341,0,0.009510399780273437,0,0,0
Bongo,28/11/1967,31/12/2004,0,0,1,3,0,0.6881427764892578,0,0.106196904296875,0,0,0.004999999888241291
Bonifacio Ondo Edu,15/12/1963,12/10/1968,0,0,1,NA,NA,NA,0,0.0118881,NA,0,0
Bordaberry,01/03/1972,12/06/1976,0,0,1,-11,0,0.1981624960899353,0,0.06381040039062501,0,1,0.18199999630451202
Borja Cevallos,10/08/1988,10/08/1992,0,0,0,1,0,0.53385329246521,0,0.0426281005859375,1,1,0.9700000286102295
Botha,28/09/1978,18/01/1989,0,0,1,0,0,0.8772270679473877,1,0.0716272021484375,0,0,0.5109999775886536
Boumedienne,19/06/1965,27/12/1978,0,0,0,-1,0,0.4352734088897705,0,0.03768739990234375,1,0,0.08399999886751175
Bouteflika,27/04/1999,31/12/2004,0,0,1,0,0,0.4352734088897705,0,0.055080400390625,1,0,0.02500000037252903
Bouterse,13/08/1980,25/01/1988,0,0,1,-6,0,NA,0,0.04979919921875,NA,1,0.06199999898672104
Brazauskas,25/11/1992,25/02/1998,0,0,0,0,1,0.34649068117141724,0,0.076478798828125,0,0,0.01600000075995922
Brezhnev,15/10/1964,10/11/1982,0,0,0,0,0,0.33309298753738403,0,0.0384577001953125,0,1,0.03500000014901161
Burhanuddin Rabbani,28/06/1992,27/09/1996,0,0,0,8,0,0.6582809686660767,0,0.018371600341796874,0,0,0.11900000274181366
Burnham,26/05/1966,06/08/1985,1,1,0,-9,NA,0.5838412046432495,1,0.0246152,0,0,0
Bustamante,06/08/1962,22/02/1967,0,0,1,0,NA,0.04576665163040161,1,0.0362864,0,1,0.9300000071525574
Buyoya,25/07/1996,30/04/2003,0,0,1,2,0,0.03551065921783447,0,0.008499000244140626,0,0,0.06400000303983688
Buyoya,03/09/1987,10/07/1993,0,0,1,4,0,0.03551065921783447,0,0.009381400146484375,0,0,0.03500000014901161
Cabral,10/09/1974,14/11/1980,0,0,1,0,NA,0.8037569522857666,0,0.0066265,0,0,0.0010000000474974513
Caldera Rodriguez,11/03/1969,12/03/1974,0,0,0,2,0,0.10734701156616211,0,0.073677099609375,1,1,1.5010000467300415
Caldera Rodriguez,02/02/1994,02/02/1999,0,0,0,0,0,0.10734701156616211,0,0.08116450195312501,1,0,3.742000102996826
Calderon Fournier,08/05/1990,08/05/1994,0,0,0,0,0,0.07109004259109497,0,0.0632552978515625,0,1,0.9549999833106995
Calderon Sol,01/06/1994,01/06/1999,0,0,0,0,0,0.16591870784759521,0,0.0411114013671875,0,0,0.871999979019165
Callejas,27/01/1990,27/01/1994,1,1,0,0,0,0.16173255443572998,0,0.024319099121093746,0,1,1.3250000476837158
Campaore,15/10/1987,31/12/2004,0,0,1,7,0,0.6782554388046265,0,0.008138099975585938,0,0,0.03200000151991844
Campins,12/03/1979,02/02/1984,0,0,0,0,0,0.10734701156616211,0,0.09730669921875,1,1,5.758999824523926
Carazo Odio,08/05/1978,08/05/1982,0,0,0,0,0,0.07109004259109497,0,0.06844740234375,0,1,0.3499999940395355
Cardoso,01/01/1995,01/01/2003,0,1,0,0,0,0.07058024406433105,0,0.06971759765625,0,0,5.017000198364258
Castillo Armas,08/07/1954,20/07/1957,0,0,1,-8,0,0.6436841487884521,0,0.023128100585937502,0,1,0.24799999594688416
Castro,02/01/1959,31/12/2004,0,0,0,2,0,0.03572362661361694,0,0.02668010009765625,0,1,1.0460000038146973
Ceausescu,22/03/1965,25/12/1989,0,0,1,-1,0,0.2521630525588989,0,0.01589280029296875,0,0,0.014000000432133675
Cedras,30/09/1991,14/10/1994,0,0,1,-14,0,0.013591229915618896,0,0.01951550048828125,0,0,1.2990000247955322
Cerezo,14/01/1986,14/01/1991,1,1,0,4,1,0.6436841487884521,0,0.0353043994140625,0,1,0.6060000061988831
Chambers,30/03/1981,18/12/1986,0,0,1,1,0,0.5584315061569214,1,0.13554419921875,1,1,1.1380000114440918
Chamoun,23/09/1952,23/09/1958,0,0,0,0,0,0.13480514287948608,0,0.03588050048828125,0,0,0.1469999998807907
Chavez,10/09/1949,06/05/1954,0,0,0,0,0,0.1449223756790161,0,0.004503302001953125,0,1,0.013000000268220901
Chehab,23/09/1958,23/09/1964,0,0,1,0,0,0.13480514287948608,0,0.03588050048828125,0,0,0.45100000500679016
Chen Shui-bian,21/05/2000,31/12/2004,0,0,0,0,0,0.274399995803833,0,0.18252240234375003,0,0,31.042999267578125
Chervenkov,01/02/1950,16/04/1956,0,0,1,0,0,0.21994948387145996,0,0.0563166015625,0,0,0
Chiang Ching-Kuo,20/05/1978,13/01/1988,0,0,0,6,0,0.274399995803833,0,0.0479902001953125,0,1,8.08899974822998
Chiang Kai-shek,01/03/1950,05/04/1975,0,0,1,0,0,0.274399995803833,0,0.00978719970703125,0,1,0
"Chiari, Roberto",01/10/1960,01/10/1964,0,0,1,0,0,0.26085156202316284,0,0.02188840087890625,1,1,0.5569999814033508
Chiluba,02/11/1991,02/01/2002,0,0,1,14,0,0.8182163834571838,1,0.011125400390625,0,0,0.3630000054836273
Chissano,06/11/1986,31/12/2004,0,0,1,13,1,0.654930055141449,0,0.008358400268554687,0,0,0.003000000026077032
Clerides,28/02/1993,28/02/2003,1,1,0,0,0,0.348582923412323,1,0.154663603515625,0,0,1.565999984741211
Conte,03/04/1984,31/12/2004,0,0,1,8,0,0.749607503414154,0,0.022947900390624998,0,0,0.03099999949336052
Cristiani,01/06/1989,01/06/1994,1,1,0,1,0,0.16591870784759521,0,0.0370393994140625,0,1,1.1139999628067017
Crvenkovski,17/08/1992,30/11/1998,0,0,0,0,0,0.5095635056495667,0,0.0532775,0,0,0
Dacko,13/08/1960,01/01/1966,0,0,1,0,NA,0.6862994432449341,0,0.0100985,0,0,0
Daniel Ortega,18/07/1979,25/04/1990,0,0,1,7,1,0.17932868003845215,0,0.0679339013671875,0,1,0.7129999995231628
Debat,16/08/1963,04/09/1968,0,0,1,-11,0,0.6572123765945435,0,0.010931500244140625,0,0,0.05700000002980232
Deby,04/12/1990,31/12/2004,0,0,1,5,0,0.8262728452682495,0,0.008981199951171876,0,0,0.014999999664723873
Deng Xiaoping,10/09/1980,19/02/1997,0,1,0,0,0,0.11845237016677856,0,0.007225700073242187,0,1,0.753000020980835
Diori,03/10/1960,15/04/1974,0,0,0,0,NA,0.7325880527496338,0,0.0116743,0,0,0
Diouf,01/01/1981,01/04/2000,0,1,0,1,0,0.7227722406387329,0,0.01411800048828125,0,0,0.09600000083446503
Djohar,18/12/1989,29/09/1995,0,0,1,11,0,NA,0,0.0210772998046875,NA,0,0.009999999776482582
Do Muoi,27/06/1991,29/12/1997,0,0,1,0,0,0.266163170337677,0,0.014336500244140625,0,0,1.2510000467300415
Doe,12/04/1980,09/09/1990,0,0,1,0,0,0.8299122452735901,0,0.018102900390625,0,1,0.7369999885559082
Dos Santos,10/09/1979,31/12/2004,0,0,0,5,0,0.7832817435264587,0,0.009510399780273437,1,0,0.027000000700354576
Duarte,01/06/1984,01/06/1989,1,1,0,2,1,0.16591870784759521,0,0.036012900390625,0,1,1.1920000314712524
Duran Ballen,10/08/1992,10/08/1996,1,1,0,0,0,0.53385329246521,0,0.045043798828124995,1,0,1.1109999418258667
Dutra,31/01/1946,31/01/1951,0,0,1,5,1,0.07058024406433105,0,0.016145400390625,0,1,0.33399999141693115
"Duvalier, Francois",15/10/1957,22/04/1971,1,1,0,-4,0,0.013591229915618896,0,0.013254300537109376,0,1,0.1080000028014183
"Duvalier, Jean-",22/04/1971,07/02/1986,0,0,1,0,0,0.013591229915618896,0,0.017570999755859375,0,1,0.5630000233650208
Echandi Jimenez,08/05/1958,08/05/1962,0,0,0,0,0,0.07109004259109497,0,0.0404477001953125,0,1,0.2290000021457672
"El-Atassi, N.",25/02/1966,13/11/1970,0,0,0,0,0,0.223094642162323,0,0.011088499755859375,0,0,0.4339999854564667
Elias Hrawi,23/11/1989,24/11/1998,0,0,1,NA,0,0.13480514287948608,0,0.03588050048828125,0,0,4.447999954223633
Emile Lahoud,24/11/1998,31/12/2004,0,0,1,NA,0,0.13480514287948608,0,0.057570600585937506,0,0,1.3209999799728394
Endara,04/01/1990,01/09/1994,1,1,0,0,1,0.26085156202316284,0,0.0597583984375,0,1,2.0409998893737793
Ershad,27/03/1982,06/12/1990,0,0,0,-1,1,0.004975080490112305,1,0.013286099853515625,0,0,1.284999966621399
Esquivel,03/07/1993,28/08/1998,1,1,0,NA,0,NA,1,0.054294301757812496,NA,0,0.24300000071525574
Esquivel,17/12/1984,07/11/1989,1,1,0,NA,0,NA,1,0.051020498046875,NA,0,0.14800000190734863
Estime,16/08/1946,10/05/1950,0,0,0,-4,0,0.013591229915618896,0,0.013254300537109376,0,1,0.04600000008940697
Eyadema,14/04/1967,31/12/2004,0,0,1,4,0,0.7106902599334717,0,0.011708100585937499,0,0,0.032999999821186066
Fahd,13/06/1982,01/01/1996,0,0,1,0,0,0.05857950448989868,0,0.30745939453125,1,0,8.175000190734863
Faisal,02/11/1964,25/03/1975,0,0,1,0,0,0.05857950448989868,0,0.069398798828125,1,0,0.2709999978542328
Faisal II,02/05/1953,14/07/1958,0,0,1,0,0,0.36247116327285767,1,0.037668701171875,1,1,0.49900001287460327
Febres Cordaro,10/08/1984,10/08/1988,1,1,0,-1,0,0.53385329246521,0,0.0468256005859375,1,1,0.9679999947547913
Fernandez Reyna,16/08/1996,16/08/2000,0,0,0,3,0,0.036988794803619385,0,0.0498456982421875,0,0,0.7599999904632568
Ferrier,25/11/1975,13/08/1980,0,0,1,0,NA,NA,0,0.0402135,NA,1,0.020999999716877937
Figueiredo,15/03/1979,21/03/1985,0,0,1,1,1,0.07058024406433105,0,0.06141490234375,0,1,2.0260000228881836
Figueres Ferrer,08/05/1970,08/05/1974,0,0,1,0,0,0.07109004259109497,0,0.0538656005859375,0,1,0.3619999885559082
Figueres Ferrer,08/11/1953,08/05/1958,0,0,1,0,0,0.07109004259109497,0,0.034306298828125,0,1,0.1469999998807907
Figueres Olsen,08/05/1994,08/05/1998,1,1,0,0,0,0.07109004259109497,0,0.0690593017578125,0,0,0.8849999904632568
Flores Facusse,27/01/1998,27/01/2002,1,1,0,1,0,0.16173255443572998,0,0.0233314990234375,0,0,0.9120000004768372
"Flores, Francisco",01/06/1999,01/06/2004,1,1,0,0,0,0.16591870784759521,0,0.046311298828125,0,0,0.06300000101327896
Franjieh,23/09/1970,23/09/1976,0,0,1,-2,1,0.13480514287948608,0,0.03588050048828125,0,0,0.9210000038146973
Frondizi,01/05/1958,29/03/1962,0,0,0,0,1,0.30731916427612305,0,0.0749981982421875,0,1,0.2619999945163727
Fujimori,28/07/1990,22/11/2000,1,1,0,-6,0,0.5896865129470825,0,0.03748429931640625,0,1,2.4769999980926514
Galvez,01/01/1949,15/01/1954,0,0,1,0,0,0.16173255443572998,0,0.01795469970703125,0,1,0.12300000339746475
"Gandhi, I.",24/01/1966,22/03/1977,1,1,0,-2,0,0.8864781856536865,1,0.009953599853515625,0,1,6.813000202178955
"Gandhi, I.",14/01/1980,31/10/1984,1,1,0,0,0,0.8864781856536865,1,0.012861700439453125,0,1,6.5879998207092285
"Gandhi, R.",31/10/1984,02/12/1989,1,1,0,0,0,0.8864781856536865,1,0.014545799560546874,0,1,11.753999710083008
Garcia,17/03/1957,14/11/1961,0,0,0,0,0,0.745177149772644,0,0.019002900390625,0,1,1.7029999494552612
Garcia Perez,28/07/1985,28/07/1990,0,1,0,0,0,0.5896865129470825,0,0.0430902978515625,0,1,1.7719999551773071
Gayoom,11/11/1978,31/12/2004,0,0,0,NA,0,NA,1,0.010660600585937501,NA,0,0
Geisel,15/03/1974,15/03/1979,0,0,1,5,0,0.07058024406433105,0,0.05157259765625,0,1,1.559999942779541
"Gemayel, Amin",23/09/1982,23/09/1988,0,0,0,0,0,0.13480514287948608,0,0.03588050048828125,0,0,5.440999984741211
Georghiu-Dej,30/12/1947,19/03/1965,0,0,1,0,NA,0.2521630525588989,0,0.012763800048828124,0,0,0
Georgievski,30/11/1998,01/11/2002,0,0,0,0,0,0.5095635056495667,0,0.04758580078125,0,0,0.18199999630451202
Gerard Kango Ouedraogo,13/01/1971,08/02/1974,0,0,1,0,0,0.6782554388046265,0,0.006904000244140625,0,0,0.007000000216066837
Girija Prasad Koirala,26/05/1991,30/11/1994,0,0,1,0,1,0.6992368698120117,0,0.011058199462890626,0,0,0.6000000238418579
Gloria Macapagal-Arroyo,21/01/2001,31/12/2004,1,1,0,0,0,0.745177149772644,0,0.038256201171875,0,0,3.1429998874664307
Godmanis,03/05/1990,03/08/1993,0,0,0,0,NA,0.609375,0,0.0690523,0,0,0
Goh Chok Tong,28/11/1990,12/08/2004,1,1,0,0,0,0.4193829894065857,1,0.18094769531250002,0,0,4.00600004196167
Gonzalez Macchi,28/03/1999,15/08/2003,0,0,0,1,0,0.1449223756790161,0,0.0512125,0,0,0.2939999997615814
Gonzalo Sanchez de Lozada,06/08/1993,06/08/1997,1,1,0,0,0,0.678132951259613,0,0.025981999511718753,0,0,0.7070000171661377
Gorbachev,11/03/1985,21/08/1991,0,0,0,7,0,0.33309298753738403,0,0.099637099609375,1,1,0.19599999487400055
Gouled Aptidon,27/06/1977,08/05/1999,0,0,1,2,NA,0.6933391094207764,0,0.021732,0,0,0
Gowon,29/07/1966,29/07/1975,0,0,1,-14,0,0.868931770324707,1,0.010266999511718751,0,0,1.3819999694824219
Grunitzky,16/01/1963,13/01/1967,0,1,0,0,0,0.7106902599334717,0,0.009088099975585937,0,0,0.017000000923871994
"Guardia Jr., E.",01/10/1956,01/10/1960,1,1,0,0,0,0.26085156202316284,0,0.0227725,1,1,0.4490000009536743
Guelleh,08/05/1999,31/12/2004,0,0,1,8,0,0.6933391094207764,0,0.030107099609375,0,0,0.006000000052154064
Guillermo-Leon,07/08/1962,07/08/1966,0,0,0,0,0,0.06015270948410034,0,0.02882080078125,0,1,0.6700000166893005
Guzman Fernandez,01/07/1978,04/07/1982,0,0,1,9,0,0.036988794803619385,0,0.035191298828125,0,1,0.3199999928474426
H. Aliyev,24/06/1993,04/08/2003,0,0,0,-8,0,0.3035241365432739,0,0.033045300292968746,1,0,0.02800000086426735
Habre,19/06/1982,02/12/1990,0,1,0,-7,0,0.8262728452682495,0,0.006191300048828124,0,0,0.017000000923871994
Habyarimana,05/07/1973,06/04/1994,0,0,0,-2,0,0.12921082973480225,0,0.009892999877929689,0,0,0.0020000000949949026
Hamad Isa Ibn Al-Khalifah,06/03/1999,31/12/2004,0,0,1,2,0,0.263893723487854,1,0.170525390625,1,0,0.42100000381469727
Hamid Karzai,22/12/2001,31/12/2004,0,0,0,NA,NA,0.6582809686660767,0,0.004781000061035156,0,0,0.10999999940395355
Hasina Wazed,23/06/1996,15/07/2001,0,0,0,0,0,0.004975080490112305,1,0.016137199707031247,0,0,3.359999895095825
Hassan Al-Bakr,17/07/1968,16/07/1979,0,0,1,-2,0,0.36247116327285767,1,0.0561875,1,1,0.7379999756813049
Hassan II,26/02/1961,23/07/1999,0,1,0,-1,0,0.5340092182159424,0,0.0129877001953125,0,0,0.05900000035762787
Hassanal Bolkiah,04/10/1967,31/12/2004,0,0,1,NA,NA,NA,1,0.3402412,NA,0,0
Helou,23/09/1964,23/09/1970,0,0,0,0,0,0.13480514287948608,0,0.03588050048828125,0,0,0.6019999980926514
Heng Samrin,07/01/1979,14/01/1985,0,0,1,NA,0,0.2969233989715576,0,0.02070159912109375,0,1,0.0989999994635582
Hipolito Mejia,17/08/2000,16/08/2004,1,1,0,0,0,0.036988794803619385,0,0.0617106982421875,0,0,0.8489999771118164
Houphouet-Boigny,07/08/1960,07/12/1993,0,0,0,2,NA,0.8592934608459473,0,0.01334,0,0,0
Hoyte,06/08/1985,09/10/1992,1,1,0,0,0,0.5838412046432495,1,0.0267385009765625,0,0,0.5389999747276306
Hua Guofeng,07/10/1976,10/09/1980,0,0,1,1,0,0.11845237016677856,0,0.005886799926757813,0,1,0.02199999988079071
Hugo Chavez,02/02/1999,31/12/2004,0,0,1,-2,0,0.10734701156616211,0,0.0769564013671875,1,0,0.2840000092983246
Hun Sen,14/01/1985,21/09/1993,0,0,1,NA,0,0.2969233989715576,0,0.03306679931640625,0,1,0.23199999332427979
Hun Sen,06/07/1997,31/12/2004,0,0,1,1,0,0.2969233989715576,0,0.02150070068359375,0,0,0.0989999994635582
Hurtado Larrea,24/05/1981,10/08/1984,0,0,0,0,0,0.53385329246521,0,0.05024580078125,1,1,1.059000015258789
Hussein Bin Onn,14/01/1976,16/07/1981,1,1,0,0,0,0.6515210866928101,1,0.0370406005859375,0,0,1.2710000276565552
Hussein Ibn Talal El-Hashim,11/08/1952,07/02/1999,0,0,1,2,0,0.046628594398498535,1,0.03129419921875,0,0,0.17900000512599945
Ibn Yahya Hamid,13/03/1948,18/09/1962,0,0,1,1,0,0.037243664264678955,1,0.010772700195312498,0,0,0
Idris,24/12/1951,01/09/1969,0,0,1,0,NA,0.21545672416687012,0,0.1033485,1,0,0
Ingraham,21/08/1992,03/05/2002,0,0,0,NA,0,NA,1,0.19653400390624998,NA,0,1.7569999694824219
Isa Ibn Al-Khalifah,15/08/1971,06/03/1999,0,0,1,1,NA,0.263893723487854,1,0.1164501,1,0,0.006000000052154064
Izetbegovic,20/12/1990,13/10/1998,0,0,0,NA,NA,0.6971532106399536,0,0.0107432,0,0,0
Jabir As-Sabah,20/04/1991,31/12/2004,0,0,1,NA,0,0.18468618392944336,1,0.16559039062499997,1,0,1.4550000429153442
Jabir As-Sabah,01/01/1978,02/08/1990,0,0,1,0,0,0.18468618392944336,1,0.38250828124999997,1,0,1.0740000009536743
Jagan Cheddi,09/10/1992,06/03/1997,1,1,0,13,1,0.5838412046432495,1,0.01991469970703125,0,0,0.41999998688697815
Jammeh,22/07/1994,31/12/2004,0,0,1,-13,0,0.727814793586731,1,0.008701099853515625,0,0,0.3199999928474426
Jawara,18/02/1965,22/07/1994,1,1,0,0,NA,0.727814793586731,1,0.0087099,0,0,0.006000000052154064
Jayewardene,23/01/1977,02/01/1989,0,0,0,-3,0,0.46704143285751343,1,0.01539,0,0,0.1469999998807907
Jiang Zemin,19/02/1997,15/03/2003,0,0,0,0,0,0.11845237016677856,0,0.0292477001953125,0,0,42.50299835205078
John Agyekum Kufuor,08/01/2001,31/12/2004,1,1,0,4,0,0.7061232924461365,1,0.01392199951171875,0,0,2.127000093460083
Jonathan,04/10/1966,20/01/1986,0,0,1,-16,NA,0.22248250246047974,1,0.0067985,0,0,0
Jorge Batlle,02/03/2000,31/12/2004,0,0,0,0,0,0.1981624960899353,0,0.110141103515625,0,0,0.04899999871850014
Joseph Kabila,17/01/2001,31/12/2004,0,0,1,1,0,0.9016318321228027,0,0.003591499938964844,0,0,0.48899999260902405
Kabbah,10/03/1998,31/12/2004,1,1,0,5,1,0.7688465118408203,1,0.008026300048828126,0,0,0.2619999945163727
Karimov,24/03/1990,31/12/2004,0,0,0,0,NA,0.4845361113548279,0,0.0407506,0,0,0
Karmal,27/12/1979,04/05/1986,0,0,0,NA,0,0.6582809686660767,0,0.02205449951171875,0,0,0.23999999463558197
Karrim Kassem,14/07/1958,08/02/1963,0,0,1,-1,0,0.36247116327285767,1,0.03980610107421875,1,1,0.6959999799728394
Kasavubu,20/09/1960,25/11/1965,0,0,0,-6,NA,0.9016318321228027,0,0.0070145,0,0,0.003000000026077032
Kaunda,24/10/1964,02/11/1991,0,0,1,-11,NA,0.8182163834571838,1,0.0095442,0,0,0
Kayibanda,26/10/1961,05/07/1973,0,0,1,0,NA,0.12921082973480225,0,0.0105907,0,0,0
Keita,22/09/1960,19/11/1968,0,0,1,0,NA,0.7783107161521912,0,0.0079672,0,0,0
Kemakeza,17/12/2001,31/12/2004,0,0,1,NA,0,NA,1,0.020125899658203123,NA,0,0.004999999888241291
Kenilorea,07/07/1978,31/08/1981,0,0,1,0,NA,NA,1,0.0247379,NA,0,0
Kenyatta,12/12/1963,22/08/1978,1,1,0,-9,NA,0.833253800868988,1,0.0119173,0,0,0.5429999828338623
Kerekou,04/04/1996,31/12/2004,0,0,1,0,0,0.6181775331497192,0,0.011304000244140624,0,0,0.09099999815225601
Kerekou,27/10/1972,04/04/1991,0,0,1,2,0,0.6181775331497192,0,0.011098399658203124,0,0,0
Khaleda Zia,10/10/2001,31/12/2004,0,0,0,0,0,0.004975080490112305,1,0.018511600341796875,0,0,3.8450000286102295
Khaleda Zia,20/03/1991,30/03/1996,0,0,0,11,0,0.004975080490112305,1,0.015765100097656252,0,0,2.2699999809265137
Khalid,25/03/1975,13/06/1982,0,0,1,0,0,0.05857950448989868,0,0.32213599609375004,1,0,1.0740000009536743
Khalifah Ath-Thani,22/02/1972,27/06/1995,0,0,1,0,0,NA,1,0.72213921875,NA,0,0.017000000923871994
Khama,30/09/1966,13/07/1980,1,1,0,0,NA,0.5063918232917786,1,0.0082768,0,0,0
Khatami,03/08/1997,31/12/2004,0,0,0,9,0,0.7565816640853882,0,0.053737900390625,1,0,2.128999948501587
Khrushchev,20/03/1953,15/10/1964,0,0,1,2,0,0.33309298753738403,0,0.034383798828125,0,1,0
Kim Il-Sung,09/09/1948,08/07/1994,0,0,1,-2,NA,0.0010000000474974513,0,0.00458,0,0,0.01600000075995922
Kim Jong-Il,08/07/1994,31/12/2004,0,0,0,0,0,0.0010000000474974513,0,0.010589999999999999,0,0,0.07199999690055847
Kocharian,04/02/1998,31/12/2004,0,0,0,11,0,0.1150442361831665,0,0.02804010009765625,0,0,1.0759999752044678
Kolingba,01/09/1981,22/10/1993,0,0,1,1,0,0.6862994432449341,0,0.010653900146484374,0,0,0.007000000216066837
Konan Bedie,07/12/1993,25/12/1999,0,1,0,1,0,0.8592934608459473,0,0.0217677001953125,0,0,0.32199999690055847
Konare,06/06/1992,08/06/2002,0,0,0,6,1,0.7783107161521912,0,0.008729000244140625,0,0,0.10300000011920929
Kostov,21/05/1997,21/07/2001,0,0,0,0,0,0.21994948387145996,0,0.067844501953125,0,0,1.8049999475479126
Kostunica,08/10/2000,31/12/2004,0,0,0,12,1,0.7227722406387329,0,0.019201300048828127,0,0,0.028999999165534973
Kountche,17/04/1974,10/11/1987,0,0,1,0,0,0.7325880527496338,0,0.008909000244140625,0,0,0
Kravchuk,18/07/1990,19/07/1994,0,0,0,-1,NA,0.41860467195510864,0,0.073628,0,0,0
Kubitschek,31/01/1956,31/01/1961,0,1,0,1,0,0.07058024406433105,0,0.0217293994140625,0,1,0.5070000290870667
Kuchma,19/07/1994,31/12/2004,0,0,0,1,0,0.41860467195510864,0,0.07362799804687499,0,0,0.31299999356269836
Kumaratunga,12/11/1994,31/12/2004,0,1,0,0,0,0.46704143285751343,1,0.03045739990234375,0,0,2.2009999752044678
Kumba Iala,18/02/2000,14/09/2003,0,1,0,2,0,0.8037569522857666,0,0.005452999877929687,0,0,0.026000000536441803
Kyprianou,03/08/1977,28/02/1988,1,1,0,0,1,0.348582923412323,1,0.056489199218749994,0,0,0.09000000357627869
L. Khan,11/09/1948,16/10/1951,1,1,0,8,1,0.6445090174674988,1,0.008869400024414062,0,1,0
Lacalle de Herrera,01/03/1990,01/03/1995,0,0,0,0,0,0.1981624960899353,0,0.07996259765625,0,1,0.24899999797344208
Laisenia Qarase,14/07/2000,31/12/2004,0,0,0,-1,0,0.7105385065078735,1,0.0467731982421875,0,0,0.16200000047683716
Lamizana,03/01/1966,13/01/1971,0,0,1,3,0,0.6782554388046265,0,0.006460700073242187,0,0,0.004000000189989805
Lamizana,08/02/1974,25/11/1980,0,0,1,9,0,0.6782554388046265,0,0.006915900268554688,0,0,0.003000000026077032
Laugerud Garcia,01/07/1974,01/07/1978,0,0,1,-4,0,0.6436841487884521,0,0.035026201171875,0,1,0.3149999976158142
Laurent Gbagbo,26/10/2000,31/12/2004,0,1,0,1,0,0.8592934608459473,0,0.02174449951171875,0,0,0.4659999907016754
Laurent Kabila,16/05/1997,16/01/2001,0,1,0,0,0,0.9016318321228027,0,0.0048776000976562504,0,0,0.30300000309944153
Le Duan,03/09/1969,10/07/1986,0,0,1,1,NA,0.266163170337677,0,0.0136975,0,1,0.6570000052452087
Lee Kuan Yew,05/06/1959,28/11/1990,1,1,0,-9,NA,0.4193829894065857,1,0.0452781,0,0,0
Lee Teng-Hui,13/01/1988,20/05/2000,1,1,0,10,1,0.274399995803833,0,0.09395980468750001,0,1,23.270000457763672
Leekpai,09/11/1997,09/02/2001,0,0,0,0,0,0.6636521220207214,0,0.0696477001953125,0,0,13.480999946594238
Lekhanya,24/01/1986,02/05/1991,0,0,1,0,0,0.22248250246047974,1,0.011916099853515626,0,0,0.09300000220537186
Lemus,14/09/1956,26/10/1960,0,0,1,1,0,0.16591870784759521,0,0.02947340087890625,0,1,0.26600000262260437
Leoni,01/12/1963,11/03/1969,0,0,0,1,0,0.10734701156616211,0,0.0638352001953125,1,1,1.0779999494552612
Lissouba,31/08/1992,15/10/1997,0,1,0,6,0,0.6572123765945435,0,0.02377909912109375,1,0,0.057999998331069946
Lleras Camargo,07/08/1958,07/08/1962,0,0,0,0,1,0.06015270948410034,0,0.0270818994140625,0,1,0.9629999995231628
Lleras Restropo,07/08/1966,07/08/1970,0,0,0,0,0,0.06015270948410034,0,0.030381201171874997,0,1,1.1959999799728394
Lon Nol,18/03/1970,10/04/1975,0,0,1,4,0,0.2969233989715576,0,0.01957219970703125,0,1,0.029999999329447746
Lopez Arellano,03/10/1963,06/06/1971,0,0,1,0,0,0.16173255443572998,0,0.017056500244140623,0,1,0.15000000596046448
Lopez Michelsen,07/08/1974,07/08/1978,1,1,0,1,0,0.06015270948410034,0,0.0393597998046875,0,1,2.00600004196167
Lucas Garcia,01/07/1978,23/03/1982,0,0,0,-2,0,0.6436841487884521,0,0.037416000976562495,0,1,0.24699999392032623
Lucinschi,15/01/1997,07/04/2001,0,0,0,0,0,0.5515695214271545,0,0.024953701171875,0,0,0.09799999743700027
Luis Somoza Debayle,29/09/1956,01/05/1963,1,1,0,0,0,0.17932868003845215,0,0.04603419921875,0,1,0.2150000035762787
Lukashenko,20/07/1994,31/12/2004,0,0,0,-14,0,0.40291380882263184,0,0.0704389013671875,0,0,0.04100000113248825
Lusinchi,02/02/1984,02/02/1989,1,1,0,0,0,0.10734701156616211,0,0.07763290039062501,1,1,11.501999855041504
Macapagal,14/11/1961,30/12/1965,0,0,0,0,0,0.745177149772644,0,0.020387199707031248,0,1,1.722000002861023
Machel,25/06/1975,19/10/1986,0,0,1,0,NA,0.654930055141449,0,0.0114273,0,0,0.013000000268220901
Macias Nguema,12/10/1968,03/08/1979,0,0,1,-9,NA,NA,0,0.0118881,NA,0,0
Maga,01/01/1960,27/10/1963,0,0,0,0,NA,0.6181775331497192,0,0.0095591,0,0,0
Magloire,10/05/1950,12/12/1956,0,0,1,-1,0,0.013591229915618896,0,0.013254300537109376,0,1,0.08100000023841858
Magsaysay,30/12/1953,17/03/1957,0,0,0,0,0,0.745177149772644,0,0.01549280029296875,0,1,0.8799999952316284
Mahatir Bin Mohammad,16/07/1981,31/10/2003,0,0,0,-1,0,0.6515210866928101,1,0.0495016015625,0,0,5.265999794006348
Mahendra,14/03/1955,31/01/1972,0,0,1,-2,0,0.6992368698120117,0,0.008001599731445312,0,0,0.004000000189989805
Mahmud Khan Ghazi,14/05/1946,07/09/1953,0,0,1,0,0,0.6582809686660767,0,0.017258599853515626,0,0,0.008999999612569809
Mainassara,27/01/1996,11/04/1999,0,0,1,-14,0,0.7325880527496338,0,0.008398099975585938,0,0,0.07199999690055847
Makarios,16/08/1960,15/07/1974,1,1,0,-1,NA,0.348582923412323,1,0.0292198,0,0,0
Malan,03/06/1948,30/11/1954,0,1,0,0,0,0.8772270679473877,1,0.042914697265625,0,0,0.0820000022649765
Malloum,15/04/1975,23/03/1979,0,0,1,6,0,0.8262728452682495,0,0.009023099975585938,0,0,0.006000000052154064
Mamadou,22/12/1999,31/12/2004,0,0,1,11,1,0.7325880527496338,0,0.008831400146484375,0,0,0.014999999664723873
Mamaloni,28/03/1989,18/06/1993,0,0,0,1,0,NA,1,0.019557900390625,NA,0,0.004000000189989805
Mamaloni,31/08/1981,19/11/1984,0,0,0,0,0,NA,1,0.026176599121093748,NA,0,0
Mandela,10/05/1994,16/06/1999,0,0,0,1,1,0.8772270679473877,1,0.072757001953125,0,0,1.8530000448226929
Manley,02/03/1972,01/11/1980,1,1,0,0,0,0.04576665163040161,1,0.0458002978515625,0,1,1.5570000410079956
Manley,10/02/1989,30/03/1992,1,1,0,0,0,0.04576665163040161,1,0.040053999023437495,0,1,2.1010000705718994
Manning,25/12/2001,31/12/2004,0,0,0,0,0,0.5584315061569214,1,0.147700302734375,1,0,2.76200008392334
Manning,16/12/1991,09/11/1995,0,0,0,0,0,0.5584315061569214,1,0.090628203125,1,0,2.006999969482422
Mao Tse-Tung,01/10/1949,09/09/1976,0,0,1,-3,0,0.11845237016677856,0,0.0032633999633789063,0,1,3.9159998893737793
Mara,10/10/1970,13/04/1987,1,1,0,0,NA,0.7105385065078735,1,0.0314809,0,0,0
Mara,05/12/1987,02/06/1992,1,1,0,-4,0,0.7105385065078735,1,0.04072070068359375,0,0,0.12999999523162842
Marcos,30/12/1965,25/02/1986,0,0,0,-11,0,0.745177149772644,0,0.022330500488281252,0,1,2.2769999504089355
"Margai,M",27/04/1961,28/04/1964,1,1,0,0,NA,0.7688465118408203,1,0.0125945,0,0,0.039000000804662704
Martinez Trueba,01/03/1951,01/03/1954,0,0,0,8,0,0.1981624960899353,0,0.055145800781250004,0,1,0.04500000178813934
Masire,13/07/1980,31/03/1998,0,0,0,2,0,0.5063918232917786,1,0.027229599609375002,0,0,0.07900000363588333
Mba,17/08/1960,17/02/1964,0,0,1,0,NA,0.6881427764892578,0,0.0674139,0,0,0
Mba,20/02/1964,28/11/1967,0,0,1,0,0,0.6881427764892578,0,0.093391298828125,0,0,0.004000000189989805
Mbeki,16/06/1999,31/12/2004,1,1,0,0,0,0.8772270679473877,1,0.076967001953125,0,0,0.27399998903274536
Medici,25/10/1969,15/03/1974,0,0,1,0,0,0.07058024406433105,0,0.0359364990234375,0,1,1.1009999513626099
Megawati Sukarnoputri,24/07/2001,20/10/2004,0,0,1,0,0,0.7640583515167236,0,0.037718601074218754,0,0,11.300000190734863
Meles Zenawi,27/05/1991,31/12/2004,1,1,0,9,0,0.6935932636260986,0,0.004637300109863281,0,0,1.7960000038146973
"Melgar Castro, Juan Alberto",22/04/1975,07/08/1978,0,0,1,0,0,0.16173255443572998,0,0.018688900146484375,0,1,0.37599998712539673
Mendez Manfredini,01/09/1976,01/09/1981,0,0,1,1,0,0.1981624960899353,0,0.0678118017578125,0,1,0.11500000208616257
Mendez Montenegro,01/07/1966,01/07/1970,0,0,0,8,1,0.6436841487884521,0,0.027199899902343748,0,1,0.22599999606609344
Menem,08/07/1988,10/12/1999,0,0,0,-1,0,0.30731916427612305,0,0.096241103515625,0,1,1.4420000314712524
Mengistu Marriam,11/02/1977,21/05/1991,1,1,0,-1,NA,0.6935932636260986,0,0.004956900024414063,0,0,0.7269999980926514
Mesic,18/02/2000,31/12/2004,0,0,0,7,1,0.3342210054397583,0,0.08608990234375,0,0,0.08399999886751175
Micombero,28/11/1966,01/11/1976,0,0,1,-2,0,0.03551065921783447,0,0.006411099853515625,0,0,0.006000000052154064
Milosevic,15/05/1989,07/10/2000,0,0,0,-1,0,0.7227722406387329,0,0.0709193994140625,0,0,0.777999997138977
Mintoff,21/06/1971,22/12/1984,1,1,0,NA,0,NA,1,0.02997280029296875,NA,0,0.017000000923871994
Mireya Moscoso,01/09/1999,01/09/2004,1,1,0,0,0,0.26085156202316284,0,0.076763701171875,0,0,1.3270000219345093
Mkapa,05/11/1995,31/12/2004,1,1,0,4,0,0.925034761428833,1,0.004758500061035157,0,0,0.7039999961853027
Mobutu,25/11/1965,16/05/1997,0,0,1,6,0,0.9016318321228027,0,0.00766,0,0,0.08799999952316284
Mogae,31/03/1998,31/12/2004,1,1,0,0,0,0.5063918232917786,1,0.06506419921875,0,0,0.5640000104904175
Mohammad Reza,19/08/1953,16/01/1979,0,0,0,-9,0,0.7565816640853882,0,0.026453798828125,1,1,0.859000027179718
Mohammed V,02/03/1956,26/02/1961,0,0,1,0,NA,0.5340092182159424,0,0.0127814,0,0,0
Mohan Rana,09/02/1948,18/02/1951,0,0,1,0,0,0.6992368698120117,0,0.008001599731445312,0,0,0
Moi,22/08/1978,30/12/2002,0,0,0,5,0,0.833253800868988,1,0.011852399902343751,0,0,0.8460000157356262
Mokhehle,14/09/1994,29/05/1998,0,0,0,0,0,0.22248250246047974,1,0.0136243994140625,0,0,0.07599999755620956
Molina,01/07/1972,01/07/1977,0,0,1,-1,0,0.16591870784759521,0,0.03702550048828125,0,1,0.3930000066757202
Momoh,28/11/1985,29/04/1992,0,0,0,1,0,0.7688465118408203,1,0.0132702001953125,0,0,0.4560000002384186
Monge Alverez,08/05/1982,08/05/1986,0,0,1,0,0,0.07109004259109497,0,0.06608089843750001,0,1,0.5590000152587891
Morales Bermudez,30/08/1975,28/07/1980,0,0,1,10,0,0.5896865129470825,0,0.0512877001953125,0,1,1.4739999771118164
Morauta,14/07/1999,05/08/2002,0,0,0,0,0,0.44505029916763306,1,0.0433314013671875,0,0,0.04699999839067459
Mosisili,29/05/1998,31/12/2004,0,1,0,0,1,0.22248250246047974,1,0.017004100341796877,0,0,0.05299999937415123
Mswati,25/04/1986,31/12/2004,0,0,1,1,0,0.386751651763916,1,0.054728701171875,0,0,0.13199999928474426
Mubarak,14/10/1981,31/12/2004,0,0,1,0,0,0.044008493423461914,1,0.025768200683593753,1,0,1.628000020980835
Mugabe,04/03/1980,31/12/2004,0,0,0,-8,0,0.5439504384994507,1,0.031398798828125,0,0,0.5529999732971191
Muhammad VI,23/07/1999,31/12/2004,0,1,0,0,0,0.5340092182159424,0,0.0382531005859375,0,0,0.14300000667572021
Mullah Omar,27/09/1996,13/11/2001,0,0,0,-7,0,0.6582809686660767,0,0.009208300170898439,0,0,0.08399999886751175
Muluzi,21/05/1994,24/05/2004,1,1,0,13,1,0.6202696561813354,1,0.006698499755859375,0,0,0.26499998569488525
Musa,28/08/1998,31/12/2004,1,1,0,NA,0,NA,1,0.0588566015625,NA,0,0.3449999988079071
Museveni,29/01/1986,31/12/2004,0,0,0,-4,0,0.8994653224945068,1,0.0068002001953125,0,0,0.34200000762939453
Musharraf,14/10/1999,31/12/2004,0,0,1,-12,0,0.6445090174674988,1,0.02435090087890625,0,0,5.90500020980835
Mwambutsa,01/07/1962,08/07/1966,0,0,1,-5,NA,0.03551065921783447,0,0.0060708,0,0,0
Mwinyi,05/11/1985,05/11/1995,1,1,0,1,0,0.925034761428833,1,0.0050982998657226565,0,0,0.47600001096725464
Najibullah,04/05/1986,16/04/1992,0,0,0,NA,0,0.6582809686660767,0,0.025469699707031248,0,0,0.12700000405311584
Namaliu,04/07/1988,17/07/1992,0,1,0,0,0,0.44505029916763306,1,0.03694969970703125,0,0,0.017999999225139618
Nasir,12/12/1957,11/11/1978,0,0,1,NA,NA,NA,1,0.0062616,NA,0,0
Nasser,17/11/1954,28/09/1970,0,0,1,0,0,0.044008493423461914,1,0.013885899658203124,0,0,0.3490000069141388
Nasser (president of UAR),01/02/1958,28/09/1961,0,0,1,NA,0,0.223094642162323,0,0.008373599853515625,1,0,0.32100000977516174
Nazarbaev,24/04/1990,31/12/2004,0,0,0,-3,NA,0.6884735226631165,0,0.0872453,1,0,0
Ne Win,02/03/1962,25/07/1988,0,0,1,-16,0,0.47550487518310547,1,0.004489800109863281,0,1,0.19599999487400055
Nehru,15/08/1947,27/05/1964,1,1,0,0,NA,0.8864781856536865,1,0.0080454,0,1,0.7860000133514404
Neto,11/11/1975,10/09/1979,0,1,0,0,NA,0.7832817435264587,0,0.0104859,1,0,0.00800000037997961
Neves,01/02/2001,31/12/2004,0,0,0,2,0,NA,0,0.049833598632812504,NA,0,0.04399999976158142
Ngo Dinh Diem,26/06/1954,01/11/1963,0,0,0,0,NA,0.26371169090270996,0,0.00599,0,1,0.0949999988079071
Ngouabi,01/01/1969,18/03/1977,0,0,1,0,0,0.6572123765945435,0,0.011295999755859376,0,0,0.017000000923871994
Nguema Mbasogo,03/08/1979,31/12/2004,0,0,1,2,0,NA,0,0.025126899414062497,NA,0,0.0010000000474974513
Nguesso,08/02/1979,20/08/1992,0,0,0,6,0,0.6572123765945435,0,0.01677780029296875,1,0,0.010999999940395355
Nguesso,15/10/1997,31/12/2004,0,0,0,-9,0,0.6572123765945435,0,0.0218939990234375,1,0,0.04699999839067459
Nguyen Van Linh,18/12/1986,27/06/1991,0,0,1,0,0,0.266163170337677,0,0.0136975,0,1,2.802999973297119
Nimeiri,22/07/1971,06/04/1985,0,0,1,-5,0,0.7350702881813049,1,0.009975900268554687,0,0,0.13500000536441803
Niyazov,27/10/1990,31/12/2004,0,0,0,-1,NA,0.46236559748649597,0,0.0868466,1,0,0
Nkrumah,21/03/1952,24/02/1966,1,1,0,-1,NA,0.7061232924461365,1,0.006234,0,0,0
Nong Duc Manh,23/04/2001,31/12/2004,0,0,0,0,0,0.266163170337677,0,0.02189409912109375,0,0,2.2660000324249268
Noriega,15/08/1983,03/01/1990,0,0,1,13,0,0.26085156202316284,0,0.062539599609375,0,1,1.2940000295639038
Nujoma,21/03/1990,31/12/2004,0,0,0,0,NA,0.6765490174293518,0,0.0450458,0,0,0.15199999511241913
Nur Ahmad Etemadi,01/11/1967,09/06/1971,0,0,1,0,0,0.6582809686660767,0,0.017258599853515626,0,0,0.1860000044107437
Nyerere,09/11/1961,05/11/1985,1,1,0,0,NA,0.925034761428833,1,0.0045256,0,0,0
Obasanjo,13/02/1976,01/10/1979,0,0,1,7,0,0.868931770324707,1,0.011990999755859376,1,0,5.789000034332275
Obasanjo,29/05/1999,31/12/2004,0,0,1,5,0,0.868931770324707,1,0.010406600341796874,1,0,0.23000000417232513
Obote,17/12/1980,27/07/1985,0,0,0,NA,1,0.8994653224945068,1,0.007839400024414063,0,0,0.3240000009536743
Obote,09/10/1962,25/01/1971,0,0,0,-14,NA,0.8994653224945068,1,0.0087399,0,0,0.03999999910593033
Ochirbat,12/03/1990,20/06/1997,0,0,0,17,1,0.3832249641418457,0,0.0186193994140625,0,0,0.0020000000949949026
Odria,28/07/1950,28/07/1956,0,0,1,4,0,0.5896865129470825,0,0.02131889892578125,0,1,0.25200000405311584
Olivier,05/03/1962,21/06/1971,0,0,0,NA,NA,NA,1,0.0196377,NA,0,0.006000000052154064
Ongania,28/06/1966,08/06/1970,0,0,1,-8,0,0.30731916427612305,0,0.087693203125,0,1,0.6620000004768372
Orlich,08/05/1962,08/05/1966,0,0,1,0,0,0.07109004259109497,0,0.042565400390625,0,1,0.1940000057220459
Osman Daar,01/07/1960,10/07/1967,0,0,1,0,NA,0.07674294710159302,1,0.015822,0,0,0
Osorio,14/09/1950,14/09/1956,0,0,1,1,0,0.16591870784759521,0,0.02597590087890625,0,1,0.10499999672174454
Ospina Perez,07/08/1946,07/08/1950,1,1,0,-10,0,0.06015270948410034,0,0.025348806152343747,0,1,0.29100000858306885
Otilia Ulate,08/11/1949,08/11/1953,0,0,1,0,0,0.07109004259109497,0,0.03195,0,1,0.19900000095367432
Oueddei,23/03/1979,07/06/1982,0,0,1,3,0,0.8262728452682495,0,0.008576900024414063,0,0,0.02199999988079071
Ould Daddah,28/11/1960,10/07/1978,0,1,0,-3,NA,0.3354172706604004,0,0.0111887,0,0,0
Ould Haidalla,04/01/1980,12/12/1984,0,0,1,0,0,0.3354172706604004,0,0.013904699707031249,0,0,0.004999999888241291
Pacheco Areco,06/12/1967,01/03/1972,0,0,1,-5,0,0.1981624960899353,0,0.05953209960937501,0,1,0.09700000286102295
Panday,09/11/1995,24/12/2001,1,1,0,1,0,0.5584315061569214,1,0.101917802734375,1,0,2.0369999408721924
Pastrana Borrero,07/08/1970,07/08/1974,0,1,0,0,0,0.06015270948410034,0,0.0336077001953125,0,1,1.8329999446868896
Patasse,22/10/1993,15/03/2003,0,1,0,11,1,0.6862994432449341,0,0.007857000122070312,0,0,0.020999999716877937
Patterson,30/03/1992,31/12/2004,1,1,0,-1,0,0.04576665163040161,1,0.044156298828124996,0,0,2.4100000858306885
Paul Kagame,19/07/1994,31/12/2004,0,0,1,4,0,0.12921082973480225,0,0.00899969970703125,0,0,0.10000000149011612
Paz Estenssoro,17/04/1952,17/06/1956,0,0,0,1,0,0.678132951259613,0,0.030491201171875,0,1,0.19200000166893005
Paz Estenssoro,06/08/1985,06/08/1989,0,0,0,1,0,0.678132951259613,0,0.0262818994140625,1,1,0.8849999904632568
Paz Estenssoro,06/08/1960,04/11/1964,0,0,0,0,0,0.678132951259613,0,0.024036899414062497,0,1,0.18299999833106995
Paz Garcia,07/08/1978,27/01/1982,0,0,1,5,0,0.16173255443572998,0,0.021378999023437498,0,1,0.4359999895095825
Paz Zamora,06/08/1989,06/08/1993,0,1,0,0,0,0.678132951259613,0,0.0251668994140625,1,1,0.8159999847412109
Peralta Azurdia,31/03/1963,01/07/1966,0,0,1,0,0,0.6436841487884521,0,0.0257589990234375,0,1,0.20600000023841858
Perez Jimenez,13/11/1950,23/01/1958,0,0,1,0,0,0.10734701156616211,0,0.0452366943359375,1,1,0.44600000977516174
Peron,04/06/1946,20/09/1955,0,1,0,-1,0,0.30731916427612305,0,0.0541498046875,0,1,0.10199999809265137
Phieu,29/12/1997,22/04/2001,0,0,1,0,NA,0.266163170337677,0,0.01936530029296875,0,0,0.9750000238418579
Phomivan,02/12/1975,25/11/1992,0,0,0,-2,0,0.5996567010879517,0,0.009866699829101563,0,0,0.11299999803304672
Phounsavanh,25/11/1992,24/02/1998,0,0,1,0,0,0.5996567010879517,0,0.01305030029296875,0,0,0.08500000089406967
Pindling,16/01/1967,21/08/1992,1,1,0,NA,NA,NA,1,0.1669616,NA,1,0.1120000034570694
Pires,08/07/1975,04/04/1991,0,1,0,2,NA,NA,0,0.0184642,NA,0,0
Pizano,07/08/1994,07/08/1998,0,0,0,-2,0,0.06015270948410034,0,0.0560818017578125,0,0,3.0769999027252197
Plaek Pibulsongkram,21/08/1946,16/09/1957,0,0,1,0,0,0.6636521220207214,0,0.01507900146484375,0,1,0.02800000086426735
Plaza Lasso,01/09/1948,01/09/1952,1,1,0,3,1,0.53385329246521,0,0.010390001220703125,0,1,0.09200000017881393
Pol Pot,11/04/1975,07/01/1979,0,1,0,-2,0,0.2969233989715576,0,0.0200977001953125,0,1,0
Ponce Enriquez,01/09/1956,01/09/1960,0,0,0,0,0,0.53385329246521,0,0.0218489990234375,0,1,0.16599999368190765
Poveda Burbano,11/01/1976,10/08/1979,0,0,1,0,0,0.53385329246521,0,0.0411485986328125,1,1,0.550000011920929
Prem,03/03/1980,04/08/1988,0,0,1,0,1,0.6636521220207214,0,0.02610169921875,0,1,4.889999866485596
Premadasa,02/01/1989,01/05/1993,0,0,1,0,1,0.46704143285751343,1,0.024749599609375,0,0,1.781999945640564
Preval,07/02/1996,07/02/2001,0,1,0,-9,0,0.013591229915618896,0,0.019118000488281252,0,0,0.7329999804496765
Price,07/04/1961,17/12/1984,1,1,1,NA,NA,NA,1,0.0521408,NA,0,0.032999999821186066
Price,07/11/1989,03/07/1993,1,1,1,NA,0,NA,1,0.044589501953125,NA,0,0.2549999952316284
Prio Socarres,10/10/1948,10/03/1952,0,0,0,0,0,0.03572362661361694,0,0.02668010009765625,0,1,0.5849999785423279
Putin,01/01/2000,31/12/2004,0,0,0,3,0,0.33309298753738403,0,0.085313798828125,1,0,6.609000205993652
Qabus Bin Said,23/07/1970,31/12/2004,0,0,1,2,0,0.23702000081539154,0,0.09072919921875,1,0,0.0010000000474974513
Qaddafi,01/09/1969,31/12/2004,0,0,1,0,0,0.21545672416687012,0,0.10334849609375,1,0,0.09600000083446503
"Quiros, Daniel",08/05/1974,08/05/1978,0,1,0,0,0,0.07109004259109497,0,0.061464599609375004,0,1,0.3449999988079071
Quirrino,16/04/1948,30/12/1953,0,0,0,3,0,0.745177149772644,0,0.013015201416015625,0,1,0.39500001072883606
Rabuka,02/06/1992,19/05/1999,0,0,0,0,0,0.7105385065078735,1,0.051957500000000004,0,0,0.09000000357627869
Rafsanjani,17/08/1989,03/08/1997,0,0,0,0,0,0.7565816640853882,0,0.04072429931640625,1,1,7.758999824523926
Rahman,21/08/1959,22/09/1970,1,1,0,-9,0,0.6515210866928101,1,0.016156300048828124,0,0,0.20200000703334808
Rakhmonov,20/11/1992,31/12/2004,0,0,0,-1,0,0.5515695214271545,0,0.024152099609375,0,0,0
Ramgoolam,12/03/1968,16/06/1982,1,1,0,0,NA,0.580323338508606,1,0.0409854,NA,0,0.017000000923871994
Ramgoolam N.,22/12/1995,17/09/2000,1,1,0,0,0,0.580323338508606,1,0.11588400390625,0,0,0.22200000286102295
Ramos,30/06/1992,30/06/1998,1,1,0,0,0,0.745177149772644,0,0.031839699707031245,0,0,3.6070001125335693
Ranariddh,21/09/1993,06/07/1997,0,1,0,0,0,0.2969233989715576,0,0.0239431005859375,0,0,0.07500000298023224
Rao,21/06/1991,16/05/1996,0,0,0,1,0,0.8864781856536865,1,0.018983599853515623,0,0,25.857999801635742
Ratsiraka,09/02/1997,06/07/2002,0,0,0,-2,0,0.06219041347503662,0,0.008453699951171874,0,0,0.11599999666213989
Ratsiraka,15/06/1975,27/03/1993,0,0,0,12,0,0.06219041347503662,0,0.0129393994140625,0,0,0.006000000052154064
Rawlings,31/12/1981,07/01/2001,0,0,0,-4,0,0.7061232924461365,1,0.011416099853515625,0,0,1.5640000104904175
Razak,22/09/1970,14/01/1976,1,1,0,3,0,0.6515210866928101,1,0.02460030029296875,0,0,0.5170000195503235
Reina,27/01/1994,27/01/1998,1,1,0,0,0,0.16173255443572998,0,0.02330199951171875,0,0,0.9620000123977661
Rivera,01/07/1962,01/07/1967,0,0,1,3,0,0.16591870784759521,0,0.02973679931640625,0,1,0.17599999904632568
Robinson,18/12/1986,07/12/1991,1,1,0,0,0,0.5584315061569214,1,0.104871103515625,1,1,1.9270000457763672
Robles,01/10/1964,01/10/1968,0,1,0,0,0,0.26085156202316284,0,0.02912260009765625,1,1,0.6060000061988831
Rodriguez Echeverria,08/05/1998,08/05/2002,1,1,0,0,0,0.07109004259109497,0,0.07411259765625,0,0,0.8149999976158142
Rodriguez Lara,15/02/1972,11/01/1976,0,0,1,-5,0,0.53385329246521,0,0.027502299804687498,0,1,0.6570000052452087
Rodriguez Pedotti,03/02/1989,15/08/1993,0,0,1,15,0,0.1449223756790161,0,0.050307597656249994,0,1,0.19900000095367432
Rojas Pinillia,13/06/1953,10/05/1957,1,1,0,0,0,0.06015270948410034,0,0.02558800048828125,0,1,0.9520000219345093
Sabah As-Sabah,24/11/1965,31/12/1977,0,0,1,-2,0,0.18468618392944336,1,0.6491351171875,1,0,0.16699999570846558
Sadat,28/09/1970,06/10/1981,0,0,1,1,0,0.044008493423461914,1,0.0185952001953125,0,0,0
Saddam Hussein,16/07/1979,09/04/2003,0,0,0,-2,0,0.36247116327285767,1,0.03272330078125,1,1,0.8569999933242798
Saksgoburggotski,24/07/2001,31/12/2004,0,0,1,1,0,0.21994948387145996,0,0.072575,0,0,2.8469998836517334
Saleh al-Hashidi,17/07/1978,31/12/2004,0,0,1,4,0,0.037243664264678955,1,0.017586400146484375,0,0,0.054999999701976776
Salem Aref,08/02/1963,13/04/1966,0,0,1,0,0,0.36247116327285767,1,0.05323259765625,1,1,0.699999988079071
Sanchez Hernandez,01/07/1967,01/07/1972,0,0,1,0,0,0.16591870784759521,0,0.03614800048828125,0,1,0.21899999678134918
Sandiford,01/06/1987,07/09/1994,1,1,0,NA,0,NA,1,0.14370599609375,NA,1,0.32199999690055847
Sanguinetti,01/03/1995,01/03/2000,0,0,0,0,0,0.1981624960899353,0,0.100648701171875,0,0,0.3190000057220459
Sanguinetti,01/03/1985,01/03/1990,0,0,0,17,1,0.1981624960899353,0,0.0676047998046875,0,1,0.18799999356269836
Sankara,04/08/1983,15/10/1987,0,0,1,0,0,0.6782554388046265,0,0.008065999755859376,0,0,0.029999999329447746
Sardar Mohammad Daud Khan,07/09/1953,10/03/1963,0,1,1,0,0,0.6582809686660767,0,0.017258599853515626,0,0,0.07900000363588333
Sardar Mohammad Daud Khan,17/07/1973,27/04/1978,0,1,1,0,0,0.6582809686660767,0,0.021117299804687503,0,0,0.20600000023841858
Sarit,20/10/1958,08/12/1963,0,0,1,-4,0,0.6636521220207214,0,0.00915,0,1,0.7570000290870667
Sarkis,23/09/1976,23/09/1982,0,0,0,0,0,0.13480514287948608,0,0.03588050048828125,0,0,1.2680000066757202
Sarnay,21/03/1985,15/03/1990,0,0,0,11,0,0.07058024406433105,0,0.0606422998046875,0,1,2.381999969482422
Saud,09/11/1953,02/11/1964,0,0,1,0,0,0.05857950448989868,0,0.05571419921875,1,0,0.017000000923871994
Saw Maung,18/09/1988,23/04/1992,0,0,1,1,0,0.47550487518310547,1,0.007789099731445312,0,1,0.19900000095367432
Sawyer,22/11/1990,07/03/1994,1,1,0,6,0,0.8299122452735901,0,0.009609699707031249,0,1,0.5460000038146973
Seaga,01/11/1980,10/02/1989,1,1,0,0,0,0.04576665163040161,1,0.04018389892578125,0,1,1.6200000047683716
Seibou,10/11/1987,16/04/1993,0,0,1,15,0,0.7325880527496338,0,0.011065699462890625,0,0,0.06599999964237213
"Senanayake, Don",04/02/1948,22/03/1952,0,0,0,0,NA,0.46704143285751343,1,0.0083224,0,0,0
"Senanayake, Dudley",25/03/1965,28/05/1970,1,1,0,0,0,0.46704143285751343,1,0.010268499755859375,0,0,0.10100000351667404
Senghor,20/08/1960,31/12/1980,0,1,0,-1,NA,0.7227722406387329,0,0.0177561,0,0,0
Shagari,01/10/1979,31/12/1983,0,0,0,7,1,0.868931770324707,1,0.01278010009765625,1,0,11.088000297546387
Shearer,11/04/1967,02/03/1972,0,0,0,0,0,0.04576665163040161,1,0.03987070068359375,0,1,1.1180000305175781
Sheikh Mujib Rahman,13/01/1972,15/08/1975,0,0,0,-10,0,0.004975080024451017,1,0.01448800048828125,0,0,0
Shevardnadze,10/03/1992,23/11/2003,0,0,0,1,0,0.4955100417137146,0,0.04593240234375,0,0,0
Shick Gutierrez,01/05/1963,03/08/1966,0,0,0,0,0,0.17932868003845215,0,0.0493156982421875,0,1,0.21199999749660492
Shishakli,19/12/1949,28/02/1954,0,0,1,-12,0,0.223094642162323,0,0.008373599853515625,1,0,0.09799999743700027
Siad Barre,21/10/1969,26/01/1991,0,0,1,-14,0,0.07674294710159302,1,0.014588399658203124,0,0,0.07500000298023224
Sidi Ahmed Taya,12/12/1984,31/12/2004,0,0,1,1,0,0.3354172706604004,0,0.011815799560546876,0,0,0.017000000923871994
Sihanouk,09/11/1953,18/03/1970,0,0,1,-6,NA,0.2969233989715576,0,0.0194672,0,1,0
Siles Zuazo,17/06/1956,06/08/1960,0,0,0,1,0,0.678132951259613,0,0.0270510009765625,0,1,0.15700000524520874
Siphandon,24/02/1998,31/12/2004,0,0,1,0,0,0.5996567010879517,0,0.014311199951171876,0,0,0.11900000274181366
Smith,11/11/1965,23/05/1979,0,0,0,0,NA,0.5439504384994507,1,0.0234191,0,0,0.1770000010728836
Snegur,03/09/1990,15/01/1997,0,0,0,2,NA,0.5515695214271545,0,0.0290068,0,0,0
"Soglo, C",04/04/1991,04/04/1996,0,1,0,6,1,0.6181775331497192,0,0.010864599609375001,0,0,0.028999999165534973
Somare,16/09/1975,11/03/1980,0,0,1,0,NA,0.44505029916763306,1,0.0256826,0,0,0
Somare,02/08/1982,21/11/1985,0,0,1,0,0,0.44505029916763306,1,0.0357472998046875,0,0,0.02199999988079071
Souvanna Phouma,21/11/1951,25/11/1954,0,1,0,NA,NA,0.5996567010879517,0,0.0098675,0,0,0
Souvanna Phouma,20/04/1964,02/12/1975,0,1,0,-5,0,0.5996567010879517,0,0.0098675,0,0,0.023000000044703484
Stevens,19/04/1968,28/11/1985,1,1,0,0,0,0.7688465118408203,1,0.014602700195312499,0,0,0.17900000512599945
Strasser,01/05/1992,17/01/1996,0,0,1,-1,0,0.7688465118408203,1,0.010761400146484374,0,0,0.3310000002384186
Strijdom,02/12/1954,23/08/1958,0,0,0,0,0,0.8772270679473877,1,0.0427797998046875,0,0,0.1379999965429306
Stroessner,11/07/1954,03/02/1989,0,0,1,-3,0,0.1449223756790161,0,0.02326409912109375,0,1,0.02800000086426735
Suazo Cordova,27/01/1982,27/01/1986,0,0,0,1,1,0.16173255443572998,0,0.023976101074218752,0,1,0.8759999871253967
Subhuza II,06/09/1968,21/08/1982,0,0,1,-10,NA,0.386751651763916,1,0.0268673,0,0,0.02199999988079071
Suharto,12/03/1966,21/05/1998,0,0,1,-2,0,0.7640583515167236,0,0.010163699951171874,1,0,0.765999972820282
Sukarno,27/12/1949,12/03/1966,0,0,0,-8,0,0.7640583515167236,0,0.0107128,1,0,0.019999999552965164
Tarlev,07/04/2001,31/12/2004,0,0,1,1,0,0.5515695214271545,0,0.022175900878906248,0,0,0.1589999943971634
Taylor,02/08/1997,11/08/2003,1,1,0,0,0,0.8299122452735901,0,0.0018697999572753906,0,0,0.32100000977516174
Ter-Petrosyan,16/10/1991,03/02/1998,0,0,0,-13,NA,0.1150442436337471,0,0.0267266,0,0,0
Thaksin Shinawatra,10/02/2001,31/12/2004,1,1,0,0,0,0.6636521220207214,0,0.0647360009765625,0,0,10.982999801635742
Than Shwe,23/04/1992,31/12/2004,0,0,1,0,0,0.47550487518310547,1,0.008764500122070312,0,0,0.36800000071525574
Thanon Kittakachorn,08/12/1963,13/10/1973,0,0,1,0,0,0.6636521220207214,0,0.011280100097656249,0,1,0.9900000095367432
Tolbert,23/07/1971,12/04/1980,0,0,0,0,0,0.8299122452735901,0,0.020042099609375003,0,1,0.3370000123977661
Tombalbaye,11/08/1960,13/04/1975,0,0,1,0,NA,0.8262728452682495,0,0.0114175,0,0,0
Torrijos Herrera,12/10/1968,31/07/1981,0,0,1,-10,0,0.26085156202316284,0,0.034894699707031254,0,1,0.6880000233650208
Toure,02/10/1958,26/03/1984,0,0,1,0,NA,0.749607503414154,0,0.0269263,0,0,0
Traore,19/11/1968,26/03/1991,0,0,1,0,0,0.7783107161521912,0,0.0059888000488281246,0,0,0.009999999776482582
Trejos,08/05/1966,08/05/1970,1,1,0,0,0,0.07109004259109497,0,0.0492033984375,0,1,0.26600000262260437
Tribhuvan,18/02/1951,13/03/1955,0,0,1,-2,0,0.6992368698120117,0,0.008001599731445312,0,0,0
Trujillo,07/08/1990,07/08/1994,0,0,0,1,0,0.06015270948410034,0,0.05325509765625,0,1,2.993000030517578
Tsedenbal,26/01/1952,23/08/1984,0,0,0,2,0,0.3832249641418457,0,0.0106672998046875,0,0,0
Tsiranana,26/06/1960,08/10/1972,0,1,0,0,NA,0.06219040974974632,0,0.0126751,0,0,0
Tudjman,30/05/1990,26/11/1999,0,0,0,-2,NA,0.3342210054397583,0,0.083891,0,0,0
Turbay,07/08/1978,07/08/1982,0,0,0,0,0,0.06015270948410034,0,0.04272240234375,0,1,1.5160000324249268
U Nu,04/01/1948,12/06/1956,0,0,0,0,NA,0.47550487518310547,1,0.0030986,0,1,0.006000000052154064
Ugarteche,28/07/1956,19/07/1962,0,0,0,7,1,0.5896865129470825,0,0.029596000976562502,0,1,0.2669999897480011
Vacariou,04/11/1992,12/12/1996,0,0,0,0,0,0.2521630525588989,0,0.0493952001953125,0,0,0.3799999952316284
Vajpayee,19/03/1998,22/05/2004,0,0,0,0,0,0.8864781856536865,1,0.022444899902343753,0,0,33.81800079345703
Van Thieu,14/06/1965,21/04/1975,0,0,1,0,0,0.26371169090270996,0,0.0067800000000000004,0,1,0.4300000071525574
Vargas,10/02/1951,24/08/1954,0,0,0,0,0,0.07058024406433105,0,0.01801989990234375,0,1,0.44600000977516174
Vargas,07/08/1986,07/08/1990,1,1,0,0,0,0.06015270948410034,0,0.048410898437499995,0,1,3.438999891281128
Vassiliou,28/02/1988,28/02/1993,1,1,0,0,0,0.348582923412323,1,0.11784629882812499,0,0,1.6519999504089355
Veiga,04/04/1991,29/07/2000,0,1,0,10,1,NA,0,0.02866580078125,NA,0,0.0949999988079071
Velasco Alvarado,03/10/1968,29/08/1975,0,0,1,-12,0,0.5896865129470825,0,0.042081298828125,0,1,1.0180000066757202
Velasco Ibarra,01/09/1968,15/02/1972,0,1,0,1,0,0.53385329246521,0,0.025667299804687498,0,1,0.4350000023841858
Velasco Ibarra,01/09/1952,01/09/1956,0,1,0,0,0,0.53385329246521,0,0.019373199462890626,0,1,0.12700000405311584
Venetiaan,12/08/2000,31/12/2004,0,1,1,0,0,NA,0,0.0626031982421875,NA,0,0.12399999797344208
Venetiaan,16/09/1991,15/09/1996,0,1,1,3,1,NA,0,0.046466298828125,NA,0,0.1809999942779541
Verwoerd,03/09/1958,06/09/1966,0,1,0,0,0,0.8772270679473877,1,0.04730919921875001,0,0,0.17599999904632568
Videla,29/03/1976,29/03/1981,0,0,0,-15,0,0.30731916427612305,0,0.10440139648437499,0,1,0.45100000500679016
Vieira,14/11/1980,07/05/1999,0,0,1,7,0,0.8037569522857666,0,0.00657780029296875,0,0,0.017999999225139618
Villeda Morales,21/12/1957,03/10/1963,0,0,0,0,1,0.16173255443572998,0,0.017156800537109374,0,1,0.17599999904632568
Violeta Chamorro,25/04/1990,10/01/1997,1,1,0,9,0,0.17932868003845215,0,0.039034599609375,0,1,2.2049999237060547
Vorster,13/09/1966,28/09/1978,0,0,0,0,0,0.8772270679473877,1,0.0574447998046875,0,0,0.38999998569488525
"Wangchuck, Jigme Singye",21/07/1972,20/07/1998,1,1,0,0,0,0.679660439491272,1,0.0023300999450683595,0,0,0.0010000000474974513
"Wangchuk, Jigme Dorji",24/03/1952,21/07/1972,0,0,1,0,0,0.679660439491272,1,0.0022725999450683592,0,0,0
Wasmosy Monti,15/08/1993,15/08/1998,0,0,0,0,0,0.1449223756790161,0,0.051156899414062505,0,0,0.24300000071525574
Wijdenbosch,15/09/1996,12/08/2000,0,0,1,0,0,NA,0,0.028700500488281253,NA,0,0.13500000536441803
Williams,31/08/1962,29/03/1981,1,1,0,0,NA,0.5584315061569214,1,0.0683617,1,1,0.2529999911785126
Yameogo,05/08/1960,03/01/1966,0,0,1,0,NA,0.6782554388046265,0,0.0076769,0,0,0
Ydigoras Fuente,02/03/1958,31/03/1963,0,0,0,1,1,0.6436841487884521,0,0.023144699707031247,0,1,0.29499998688697815
Yeltsin,21/08/1991,31/12/1999,0,0,0,3,1,0.33309298753738403,0,0.12401190429687499,1,0,1.0809999704360962
Yen Chia-Kan,05/04/1975,20/05/1978,0,0,0,1,0,0.274399995803833,0,0.03874739990234375,0,1,8.4160003662109375
Youlou,15/08/1960,15/08/1963,0,0,1,0,NA,0.6572123765945435,0,0.010095,0,0,0
Zafy,27/03/1993,05/09/1996,0,1,0,0,1,0.06219041347503662,0,0.008796199951171875,0,0,0.06800000369548798
Zeroual,31/01/1994,27/04/1999,0,0,1,4,0,0.4352734088897705,0,0.054300400390624996,1,0,0.24500000476837158
Zhivkov,16/04/1956,10/11/1989,0,0,1,0,0,0.21994948387145996,0,0.0563166015625,0,0,0.0020000000949949026
Zia,05/07/1977,17/08/1988,0,0,0,-12,0,0.6445090174674988,1,0.013579100341796874,0,1,1.2000000476837158
Ziaur Rahman,06/11/1975,30/05/1981,0,0,1,-2,0,0.004975080490112305,1,0.01225,0,0,0
Zine Al-Abidine Ben Ali,07/11/1987,31/12/2004,0,0,1,4,0,0.15825098752975464,0,0.0467047998046875,0,0,0.6650000214576721
deKlerk,15/08/1989,10/05/1994,0,0,0,4,0,0.8772270679473877,1,0.075477001953125,0,0,1.8890000581741333
