nominee,state,year,congress,name,democrat,senator_ideology,vote,pres.dem,sameprty,nom_ideology,reelection,opinion
alito,AK,2006,109,stevens,0,0.196999997,1,0,1,0.100000001,0,70.36453743
alito,AK,2006,109,murkowski,0,0.237000003,1,0,1,0.100000001,0,70.36453743
alito,AL,2006,109,sessions,0,0.465000004,1,0,1,0.100000001,0,69.3570269
alito,AL,2006,109,shelby,0,0.363999993,1,0,1,0.100000001,0,69.3570269
alito,AR,2006,109,pryor,1,-0.172000006,0,0,0,0.100000001,0,68.80251215
alito,AR,2006,109,lincoln,1,-0.138999999,0,0,0,0.100000001,0,68.80251215
alito,AZ,2006,109,kyl,0,0.514999986,1,0,1,0.100000001,1,67.77928548
alito,AZ,2006,109,mccain,0,0.291000009,1,0,1,0.100000001,0,67.77928548
alito,CA,2006,109,feinstein,1,-0.245000005,0,0,0,0.100000001,1,57.96439415
alito,CA,2006,109,boxer,1,-0.449999988,0,0,0,0.100000001,0,57.96439415
alito,CO,2006,109,salazar,1,-0.315499991,0,0,0,0.100000001,0,60.90713122
alito,CO,2006,109,allard,0,0.518999994,1,0,1,0.100000001,0,60.90713122
alito,CT,2006,109,dodd,1,-0.333999991,0,0,0,0.100000001,0,59.90895334
alito,CT,2006,109,lieberman,1,-0.222000003,0,0,0,0.100000001,1,59.90895334
alito,DE,2006,109,carper,1,-0.135000005,0,0,0,0.100000001,1,63.57394178
alito,DE,2006,109,biden,1,-0.335000008,0,0,0,0.100000001,0,63.57394178
alito,FL,2006,109,nelson  cla,1,-0.119000003,0,0,0,0.100000001,1,67.07181566
alito,FL,2006,109,martinez,0,0.362500012,1,0,1,0.100000001,0,67.07181566
alito,GA,2006,109,chambliss,0,0.370999992,1,0,1,0.100000001,0,64.10693693
alito,GA,2006,109,isakson,0,0.367000014,1,0,1,0.100000001,0,64.10693693
alito,HI,2006,109,inouye,1,-0.32100001,0,0,0,0.100000001,0,62.16477018
alito,HI,2006,109,akaka,1,-0.388999999,0,0,0,0.100000001,1,62.16477018
alito,IA,2006,109,harkin,1,-0.389999986,0,0,0,0.100000001,0,71.93223262
alito,IA,2006,109,grassley,0,0.294,1,0,1,0.100000001,0,71.93223262
alito,ID,2006,109,craig,0,0.48300001,1,0,1,0.100000001,0,74.9858686
alito,ID,2006,109,crapo,0,0.425000012,1,0,1,0.100000001,0,74.9858686
alito,IL,2006,109,obama,1,-0.315499991,0,0,0,0.100000001,0,66.15469651
alito,IL,2006,109,durbin,1,-0.351000011,0,0,0,0.100000001,0,66.15469651
alito,IN,2006,109,bayh,1,-0.177000001,0,0,0,0.100000001,0,72.54788268
alito,IN,2006,109,lugar,0,0.289999992,1,0,1,0.100000001,1,72.54788268
alito,KS,2006,109,roberts,0,0.377000004,1,0,1,0.100000001,0,72.08143425
alito,KS,2006,109,brownback,0,0.405999988,1,0,1,0.100000001,0,72.08143425
alito,KY,2006,109,bunning,0,0.470999986,1,0,1,0.100000001,0,67.08556033
alito,KY,2006,109,mcconnell,0,0.361000001,1,0,1,0.100000001,0,67.08556033
alito,LA,2006,109,landrieu,1,-0.158000007,0,0,0,0.100000001,0,67.51889591
alito,LA,2006,109,vitter,0,0.419,1,0,1,0.100000001,0,67.51889591
alito,MA,2006,109,kennedy  ed,1,-0.47299999,0,0,0,0.100000001,1,58.01529577
alito,MA,2006,109,kerry  john,1,-0.372999996,0,0,0,0.100000001,0,58.01529577
alito,MD,2006,109,sarbanes,1,-0.437000006,0,0,0,0.100000001,1,56.66252686
alito,MD,2006,109,mikulski,1,-0.365999997,0,0,0,0.100000001,0,56.66252686
alito,ME,2006,109,collins,0,0.093999997,1,0,1,0.100000001,0,69.11730777
alito,ME,2006,109,snowe,0,0.088,1,0,1,0.100000001,1,69.11730777
alito,MI,2006,109,stabenow,1,-0.296000004,0,0,0,0.100000001,1,66.13918401
alito,MI,2006,109,levin  carl,1,-0.400000006,0,0,0,0.100000001,0,66.13918401
alito,MN,2006,109,dayton,1,-0.398000002,0,0,0,0.100000001,1,71.14957582
alito,MN,2006,109,coleman,0,0.226999998,1,0,1,0.100000001,0,71.14957582
alito,MO,2006,109,talent,0,0.377999991,1,0,1,0.100000001,1,71.39834652
alito,MO,2006,109,bond,0,0.298000008,1,0,1,0.100000001,0,71.39834652
alito,MS,2006,109,cochran,0,0.266000003,1,0,1,0.100000001,0,68.42615299
alito,MS,2006,109,lott,0,0.386000007,1,0,1,0.100000001,1,68.42615299
alito,MT,2006,109,burns,0,0.35800001,1,0,1,0.100000001,1,64.86553735
alito,MT,2006,109,baucus,1,-0.218999997,0,0,0,0.100000001,0,64.86553735
alito,NC,2006,109,burr,0,0.372000009,1,0,1,0.100000001,0,68.25629271
alito,NC,2006,109,dole,0,0.326999992,1,0,1,0.100000001,0,68.25629271
alito,ND,2006,109,conrad,1,-0.254999995,1,0,0,0.100000001,1,79.35741022
alito,ND,2006,109,dorgan,1,-0.236000001,0,0,0,0.100000001,0,79.35741022
alito,NE,2006,109,hagel,0,0.31400001,1,0,1,0.100000001,0,74.67522135
alito,NE,2006,109,nelson  ben,1,-0.002,1,0,0,0.100000001,1,74.67522135
alito,NH,2006,109,sununu,0,0.449000001,1,0,1,0.100000001,0,67.83735461
alito,NH,2006,109,gregg,0,0.375,1,0,1,0.100000001,0,67.83735461
alito,NJ,2006,109,menendez,1,-0.323000014,0,0,0,0.100000001,1,58.34215115
alito,NJ,2006,109,lautenberg,1,-0.409000009,0,0,0,0.100000001,0,58.34215115
alito,NM,2006,109,bingaman,1,-0.240999997,0,0,0,0.100000001,1,65.73212834
alito,NM,2006,109,domenici,0,0.246000007,1,0,1,0.100000001,0,65.73212834
alito,NV,2006,109,reid,1,-0.238000005,0,0,0,0.100000001,0,63.80699568
alito,NV,2006,109,ensign,0,0.368000001,1,0,1,0.100000001,1,63.80699568
alito,NY,2006,109,schumer,1,-0.342000008,0,0,0,0.100000001,0,58.52041857
alito,NY,2006,109,clinton,1,-0.375999987,0,0,0,0.100000001,1,58.52041857
alito,OH,2006,109,dewine,0,0.268999994,1,0,1,0.100000001,1,67.66821015
alito,OH,2006,109,voinovich,0,0.257999986,1,0,1,0.100000001,0,67.66821015
alito,OK,2006,109,inhofe,0,0.512000024,1,0,1,0.100000001,0,75.56592257
alito,OK,2006,109,coburn,0,0.606000006,1,0,1,0.100000001,0,75.56592257
alito,OR,2006,109,smith  gord,0,0.196999997,1,0,1,0.100000001,0,61.60846288
alito,OR,2006,109,wyden,1,-0.296000004,0,0,0,0.100000001,0,61.60846288
alito,PA,2006,109,santorum,0,0.335000008,1,0,1,0.100000001,1,65.84843068
alito,PA,2006,109,specter,0,0.014,1,0,1,0.100000001,0,65.84843068
alito,RI,2006,109,reed,1,-0.393000007,0,0,0,0.100000001,0,59.4379312
alito,RI,2006,109,chafee,0,-0.008,0,0,1,0.100000001,0,59.4379312
alito,SC,2006,109,demint,0,0.546999991,1,0,1,0.100000001,0,67.20437512
alito,SC,2006,109,graham,0,0.374000013,1,0,1,0.100000001,0,67.20437512
alito,SD,2006,109,johnson,1,-0.211999997,1,0,0,0.100000001,0,78.10668676
alito,SD,2006,109,thune,0,0.298000008,1,0,1,0.100000001,0,78.10668676
alito,TN,2006,109,alexander,0,0.319999993,1,0,1,0.100000001,0,67.02475333
alito,TN,2006,109,frist,0,0.331999987,1,0,1,0.100000001,1,67.02475333
alito,TX,2006,109,hutchison,0,0.326000005,1,0,1,0.100000001,1,70.58449186
alito,TX,2006,109,cornyn,0,0.43599999,1,0,1,0.100000001,1,70.58449186
alito,UT,2006,109,hatch,0,0.379999995,1,0,1,0.100000001,1,74.39138645
alito,UT,2006,109,bennett,0,0.312999994,1,0,1,0.100000001,0,74.39138645
alito,VA,2006,109,warner,0,0.25,1,0,1,0.100000001,0,67.17124251
alito,VA,2006,109,allen,0,0.374000013,1,0,1,0.100000001,1,67.17124251
alito,VT,2006,109,leahy,1,-0.377000004,0,0,0,0.100000001,0,66.65740912
alito,VT,2006,109,jeffords,1,-0.246000007,0,0,0,0.100000001,1,66.65740912
alito,WA,2006,109,cantwell,1,-0.25999999,0,0,0,0.100000001,1,60.45397335
alito,WA,2006,109,murray,1,-0.342000008,0,0,0,0.100000001,0,60.45397335
alito,WI,2006,109,feingold,1,-0.573000014,0,0,0,0.100000001,0,69.77562605
alito,WI,2006,109,kohl,1,-0.293000013,0,0,0,0.100000001,1,69.77562605
alito,WV,2006,109,byrd  rober,1,-0.231999993,1,0,0,0.100000001,1,65.37062406
alito,WV,2006,109,rockefeller,1,-0.310000002,0,0,0,0.100000001,0,65.37062406
alito,WY,2006,109,thomas,0,0.437999994,1,0,1,0.100000001,1,69.19527207
alito,WY,2006,109,enzi,0,0.476000011,1,0,1,0.100000001,0,69.19527207
bork,AK,1987,100,murkowski,0,0.316000015,1,0,1,0.094999999,0,56.14965483
bork,AK,1987,100,stevens  t,0,0.179000005,1,0,1,0.094999999,0,56.14965483
bork,AL,1987,100,heflin  h,1,0.012,0,0,0,0.094999999,0,51.84496055
bork,AL,1987,100,shelby  r,1,0.071999997,0,0,0,0.094999999,0,51.84496055
bork,AR,1987,100,pryor  d,1,-0.229000002,0,0,0,0.094999999,0,51.25036399
bork,AR,1987,100,bumpers  d,1,-0.307000011,0,0,0,0.094999999,0,51.25036399
bork,AZ,1987,100,deconcini,1,-0.140000001,0,0,0,0.094999999,1,54.38151881
bork,AZ,1987,100,mccain  j,0,0.298000008,1,0,1,0.094999999,0,54.38151881
bork,CA,1987,100,wilson  p,0,0.300000012,1,0,1,0.094999999,1,43.29025734
bork,CA,1987,100,cranston  a,1,-0.423999995,0,0,0,0.094999999,0,43.29025734
bork,CO,1987,100,armstrong,0,0.507000029,1,0,1,0.094999999,0,46.05104672
bork,CO,1987,100,wirth  t,1,-0.300999999,0,0,0,0.094999999,0,46.05104672
bork,CT,1987,100,dodd  c jr,1,-0.331,0,0,0,0.094999999,0,43.73791079
bork,CT,1987,100,weicker  l,0,-0.072999999,0,0,1,0.094999999,1,43.73791079
bork,DE,1987,100,biden  j,1,-0.335000008,0,0,0,0.094999999,0,46.40531746
bork,DE,1987,100,roth  w,0,0.238000005,1,0,1,0.094999999,1,46.40531746
bork,FL,1987,100,chiles  l,1,-0.157000005,0,0,0,0.094999999,1,52.0827967
bork,FL,1987,100,graham  b,1,-0.215000004,0,0,0,0.094999999,0,52.0827967
bork,GA,1987,100,nunn  s,1,-0.07,0,0,0,0.094999999,0,46.90071933
bork,GA,1987,100,fowler  w,1,-0.194999993,0,0,0,0.094999999,0,46.90071933
bork,HI,1987,100,matsunaga,1,-0.404000014,0,0,0,0.094999999,1,46.58466855
bork,HI,1987,100,inouye  d,1,-0.31400001,0,0,0,0.094999999,0,46.58466855
bork,IA,1987,100,grassley  c,0,0.289000005,1,0,1,0.094999999,0,55.0915673
bork,IA,1987,100,harkin  t,1,-0.388000011,0,0,0,0.094999999,0,55.0915673
bork,ID,1987,100,symms  s,0,0.671999991,1,0,1,0.094999999,0,62.54898021
bork,ID,1987,100,mcclure  j,0,0.474000007,1,0,1,0.094999999,0,62.54898021
bork,IL,1987,100,simon  p,1,-0.432999998,0,0,0,0.094999999,0,48.72650626
bork,IL,1987,100,dixon  a,1,-0.138999999,0,0,0,0.094999999,0,48.72650626
bork,IN,1987,100,lugar  r,0,0.280999988,1,0,1,0.094999999,1,55.85617639
bork,IN,1987,100,quayle  j d,0,0.439999998,1,0,1,0.094999999,0,55.85617639
bork,KS,1987,100,dole  r,0,0.321999997,1,0,1,0.094999999,0,56.0003609
bork,KS,1987,100,kassebaum,0,0.135000005,1,0,1,0.094999999,0,56.0003609
bork,KY,1987,100,mcconnell,0,0.345999986,1,0,1,0.094999999,0,49.11468194
bork,KY,1987,100,ford  w,1,-0.178000003,0,0,0,0.094999999,0,49.11468194
bork,LA,1987,100,johnston,1,-0.104999997,0,0,0,0.094999999,0,50.09720003
bork,LA,1987,100,breaux  j,1,-0.057,0,0,0,0.094999999,0,50.09720003
bork,MA,1987,100,kerry  j,1,-0.363999993,0,0,0,0.094999999,0,41.42547605
bork,MA,1987,100,kennedy  e,1,-0.474000007,0,0,0,0.094999999,1,41.42547605
bork,MD,1987,100,sarbanes  p,1,-0.432999998,0,0,0,0.094999999,1,38.97210602
bork,MD,1987,100,mikulski  b,1,-0.361999989,0,0,0,0.094999999,0,38.97210602
bork,ME,1987,100,cohen  w,0,0.035,1,0,1,0.094999999,0,53.62825111
bork,ME,1987,100,mitchell  g,1,-0.344000012,0,0,0,0.094999999,1,53.62825111
bork,MI,1987,100,levin  c,1,-0.395000011,0,0,0,0.094999999,0,48.17148548
bork,MI,1987,100,riegle  d,1,-0.402999997,0,0,0,0.094999999,1,48.17148548
bork,MN,1987,100,durenberger,0,0.032000002,1,0,1,0.094999999,1,54.22920584
bork,MN,1987,100,boschwitz,0,0.188999996,1,0,1,0.094999999,0,54.22920584
bork,MO,1987,100,bond  c,0,0.289999992,1,0,1,0.094999999,0,54.18278562
bork,MO,1987,100,danforth  j,0,0.127000004,1,0,1,0.094999999,1,54.18278562
bork,MS,1987,100,cochran  t,0,0.254000008,1,0,1,0.094999999,0,50.30039576
bork,MS,1987,100,stennis  j,1,0.055,0,0,0,0.094999999,1,50.30039576
bork,MT,1987,100,baucus  m,1,-0.222000003,0,0,0,0.094999999,0,49.14881173
bork,MT,1987,100,melcher  j,1,-0.280000001,0,0,0,0.094999999,1,49.14881173
bork,NC,1987,100,helms  j,0,0.648000002,1,0,1,0.094999999,0,50.79389412
bork,NC,1987,100,sanford  t,1,-0.264999986,0,0,0,0.094999999,0,50.79389412
bork,ND,1987,100,conrad  k,1,-0.252000004,0,0,0,0.094999999,0,65.55847332
bork,ND,1987,100,burdick  q,1,-0.356000006,0,0,0,0.094999999,1,65.55847332
bork,NE,1987,100,exon  j,1,-0.108000003,0,0,0,0.094999999,0,58.80415694
bork,NE,1987,100,karnes d,0,0.310000002,1,0,1,0.094999999,1,58.80415694
bork,NH,1987,100,rudman  w,0,0.239999995,1,0,1,0.094999999,0,51.60731389
bork,NH,1987,100,humphrey  g,0,0.596000016,1,0,1,0.094999999,0,51.60731389
bork,NJ,1987,100,lautenberg,1,-0.404000014,0,0,0,0.094999999,1,41.52548764
bork,NJ,1987,100,bradley  w,1,-0.379000008,0,0,0,0.094999999,0,41.52548764
bork,NM,1987,100,bingaman  j,1,-0.236000001,0,0,0,0.094999999,1,52.45666971
bork,NM,1987,100,domenici  p,0,0.231000006,1,0,1,0.094999999,0,52.45666971
bork,NV,1987,100,hecht  c,0,0.453000009,1,0,1,0.094999999,1,48.99629478
bork,NV,1987,100,reid  h,1,-0.222000003,0,0,0,0.094999999,0,48.99629478
bork,NY,1987,100,moynihan  d,1,-0.344000012,0,0,0,0.094999999,1,41.33888387
bork,NY,1987,100,damato,0,0.138999999,1,0,1,0.094999999,0,41.33888387
bork,OH,1987,100,glenn  j,1,-0.279000014,0,0,0,0.094999999,0,49.23810576
bork,OH,1987,100,metzenbaum,1,-0.518000007,0,0,0,0.094999999,1,49.23810576
bork,OK,1987,100,nickles  d,0,0.481000006,1,0,1,0.094999999,0,60.81366319
bork,OK,1987,100,boren  d,1,-0.050999999,1,0,0,0.094999999,0,60.81366319
bork,OR,1987,100,hatfield  m,0,-0.063000001,1,0,1,0.094999999,0,46.48423522
bork,OR,1987,100,packwood  r,0,0.039000001,0,0,1,0.094999999,0,46.48423522
bork,PA,1987,100,specter  a,0,-0.005,0,0,1,0.094999999,0,48.28623339
bork,PA,1987,100,heinz  j,0,0.004,1,0,1,0.094999999,1,48.28623339
bork,RI,1987,100,pell  c,1,-0.382999986,0,0,0,0.094999999,0,42.46209272
bork,RI,1987,100,chafee  j,0,-0.016000001,0,0,1,0.094999999,1,42.46209272
bork,SC,1987,100,thurmond  s,0,0.409000009,1,0,1,0.094999999,0,48.70925699
bork,SC,1987,100,hollings  e,1,-0.152999997,1,0,0,0.094999999,0,48.70925699
bork,SD,1987,100,daschle  t,1,-0.268999994,0,0,0,0.094999999,0,63.77811952
bork,SD,1987,100,pressler  l,0,0.216999993,1,0,1,0.094999999,0,63.77811952
bork,TN,1987,100,gore  a,1,-0.289999992,0,0,0,0.094999999,0,49.53924219
bork,TN,1987,100,sasser  j,1,-0.287,0,0,0,0.094999999,1,49.53924219
bork,TX,1987,100,gramm  p,0,0.528999984,1,0,1,0.094999999,0,55.44313661
bork,TX,1987,100,bentsen  l,1,-0.093999997,0,0,0,0.094999999,1,55.44313661
bork,UT,1987,100,hatch  o,0,0.375,1,0,1,0.094999999,1,62.26073906
bork,UT,1987,100,garn  j,0,0.48300001,1,0,1,0.094999999,0,62.26073906
bork,VA,1987,100,trible  p,0,0.268999994,1,0,1,0.094999999,1,49.3791942
bork,VA,1987,100,warner  j,0,0.245000005,0,0,1,0.094999999,0,49.3791942
bork,VT,1987,100,stafford  r,0,-0.013,0,0,1,0.094999999,1,50.62921002
bork,VT,1987,100,leahy  p,1,-0.375,0,0,0,0.094999999,0,50.62921002
bork,WA,1987,100,evans  d,0,0.138999999,1,0,1,0.094999999,1,44.55555457
bork,WA,1987,100,adams  b,1,-0.40200001,0,0,0,0.094999999,0,44.55555457
bork,WI,1987,100,proxmire  w,1,-0.412,0,0,0,0.094999999,1,51.86016161
bork,WI,1987,100,kasten  r,0,0.247999996,1,0,1,0.094999999,0,51.86016161
bork,WV,1987,100,byrd  rc,1,-0.207000002,0,0,0,0.094999999,1,47.01007093
bork,WV,1987,100,rockefeller,1,-0.300999999,0,0,0,0.094999999,0,47.01007093
bork,WY,1987,100,simpson  a,0,0.282000005,1,0,1,0.094999999,0,54.39072852
bork,WY,1987,100,wallop  m,0,0.559000015,1,0,1,0.094999999,1,54.39072852
breyer,AK,1994,103,stevens,0,0.179000005,1,1,0,0.474999994,0,78.25102124
breyer,AK,1994,103,murkowski,0,0.316000015,0,1,0,0.474999994,0,78.25102124
breyer,AL,1994,103,shelby,0,0.071999997,1,1,1,0.474999994,0,77.01706265
breyer,AL,1994,103,heflin,1,0.012,1,1,1,0.474999994,0,77.01706265
breyer,AR,1994,103,bumpers,1,-0.307000011,1,1,1,0.474999994,0,80.42607511
breyer,AR,1994,103,pryor,1,-0.229000002,1,1,1,0.474999994,0,80.42607511
breyer,AZ,1994,103,deconcini,1,-0.140000001,1,1,1,0.474999994,1,81.19368083
breyer,AZ,1994,103,mccain,0,0.298000008,1,1,0,0.474999994,0,81.19368083
breyer,CA,1994,103,feinstein,1,-0.236000001,1,1,1,0.474999994,1,86.7843893
breyer,CA,1994,103,boxer,1,-0.462000012,1,1,1,0.474999994,0,86.7843893
breyer,CO,1994,103,campbell,1,-0.144999996,1,1,1,0.474999994,0,85.78489655
breyer,CO,1994,103,brown  hank,0,0.488000005,1,1,0,0.474999994,0,85.78489655
breyer,CT,1994,103,dodd,1,-0.331,1,1,1,0.474999994,0,87.92733131
breyer,CT,1994,103,lieberman,1,-0.218999997,1,1,1,0.474999994,1,87.92733131
breyer,DE,1994,103,roth  willi,0,0.238000005,1,1,0,0.474999994,1,83.59720443
breyer,DE,1994,103,biden,1,-0.335000008,1,1,1,0.474999994,0,83.59720443
breyer,FL,1994,103,mack,0,0.412,1,1,0,0.474999994,1,81.73792173
breyer,GA,1994,103,coverdell,0,0.363000005,0,1,0,0.474999994,0,79.83730863
breyer,GA,1994,103,nunn,1,-0.07,1,1,1,0.474999994,0,79.83730863
breyer,HI,1994,103,inouye,1,-0.31400001,1,1,1,0.474999994,0,86.0095328
breyer,HI,1994,103,akaka,1,-0.381999999,1,1,1,0.474999994,1,86.0095328
breyer,IA,1994,103,grassley,0,0.289000005,1,1,0,0.474999994,0,83.38979163
breyer,IA,1994,103,harkin,1,-0.388000011,1,1,1,0.474999994,0,83.38979163
breyer,ID,1994,103,kempthorne,0,0.425999999,1,1,0,0.474999994,0,75.46151041
breyer,ID,1994,103,craig,0,0.477999985,1,1,0,0.474999994,0,75.46151041
breyer,IL,1994,103,"braun, carol",1,-0.372000009,1,1,1,0.474999994,0,84.51336401
breyer,IL,1994,103,simon,1,-0.432999998,1,1,1,0.474999994,0,84.51336401
breyer,IN,1994,103,lugar,0,0.280999988,0,1,0,0.474999994,1,81.12928808
breyer,IN,1994,103,coats,0,0.354000002,0,1,0,0.474999994,0,81.12928808
breyer,KS,1994,103,dole,0,0.321999997,1,1,0,0.474999994,0,82.01647107
breyer,KS,1994,103,kassebaum,0,0.135000005,1,1,0,0.474999994,0,82.01647107
breyer,KY,1994,103,ford  wende,1,-0.178000003,1,1,1,0.474999994,0,83.18623699
breyer,KY,1994,103,mcconnell,0,0.345999986,1,1,0,0.474999994,0,83.18623699
breyer,LA,1994,103,breaux,1,-0.057,1,1,1,0.474999994,0,76.70049949
breyer,LA,1994,103,johnston  b,1,-0.104999997,1,1,1,0.474999994,0,76.70049949
breyer,MA,1994,103,kerry  john,1,-0.363999993,1,1,1,0.474999994,0,89.27481098
breyer,MA,1994,103,kennedy  ed,1,-0.474000007,1,1,1,0.474999994,1,89.27481098
breyer,MD,1994,103,sarbanes,1,-0.432999998,1,1,1,0.474999994,1,86.37148348
breyer,MD,1994,103,mikulski,1,-0.361999989,1,1,1,0.474999994,0,86.37148348
breyer,ME,1994,103,mitchell  g,1,-0.344000012,1,1,1,0.474999994,1,83.32249134
breyer,ME,1994,103,cohen,0,0.035,1,1,0,0.474999994,0,83.32249134
breyer,MI,1994,103,riegle,1,-0.402999997,1,1,1,0.474999994,1,84.96562652
breyer,MI,1994,103,levin  carl,1,-0.395000011,1,1,1,0.474999994,0,84.96562652
breyer,MN,1994,103,wellstone,1,-0.64200002,1,1,1,0.474999994,0,83.4841027
breyer,MO,1994,103,bond,0,0.289999992,1,1,0,0.474999994,0,81.90597861
breyer,MO,1994,103,danforth,0,0.127000004,1,1,0,0.474999994,1,81.90597861
breyer,MS,1994,103,cochran,0,0.254000008,1,1,0,0.474999994,0,74.97032394
breyer,MS,1994,103,lott,0,0.384000003,0,1,0,0.474999994,1,74.97032394
breyer,MT,1994,103,baucus,1,-0.222000003,1,1,1,0.474999994,0,85.02646314
breyer,MT,1994,103,burns,0,0.34799999,0,1,0,0.474999994,1,85.02646314
breyer,NC,1994,103,helms,0,0.648000002,0,1,0,0.474999994,0,78.57386046
breyer,NC,1994,103,faircloth,0,0.620999992,1,1,0,0.474999994,0,78.57386046
breyer,ND,1994,103,dorgan,1,-0.226999998,1,1,1,0.474999994,0,75.82588624
breyer,ND,1994,103,conrad,1,-0.252000004,1,1,1,0.474999994,1,75.82588624
breyer,NE,1994,103,exon,1,-0.108000003,1,1,1,0.474999994,0,80.53084606
breyer,NE,1994,103,kerrey  rob,1,-0.229000002,1,1,1,0.474999994,1,80.53084606
breyer,NH,1994,103,smith  robe,0,0.617999971,0,1,0,0.474999994,0,84.18480308
breyer,NH,1994,103,gregg,0,0.386999995,1,1,0,0.474999994,0,84.18480308
breyer,NJ,1994,103,bradley,1,-0.379000008,1,1,1,0.474999994,0,88.14721047
breyer,NJ,1994,103,lautenberg,1,-0.404000014,1,1,1,0.474999994,1,88.14721047
breyer,NM,1994,103,domenici,0,0.231000006,1,1,0,0.474999994,0,82.25503672
breyer,NM,1994,103,bingaman,1,-0.236000001,1,1,1,0.474999994,1,82.25503672
breyer,NV,1994,103,reid,1,-0.222000003,1,1,1,0.474999994,0,83.77818647
breyer,NV,1994,103,bryan  rich,1,-0.214000002,1,1,1,0.474999994,1,83.77818647
breyer,NY,1994,103,damato,0,0.138999999,1,1,0,0.474999994,0,88.18327429
breyer,NY,1994,103,moynihan,1,-0.344000012,1,1,1,0.474999994,1,88.18327429
breyer,OH,1994,103,glenn,1,-0.279000014,1,1,1,0.474999994,0,84.49569259
breyer,OH,1994,103,metzenbaum,1,-0.518000007,1,1,1,0.474999994,1,84.49569259
breyer,OK,1994,103,nickles  do,0,0.481000006,0,1,0,0.474999994,0,75.33902329
breyer,OK,1994,103,boren,1,-0.050999999,1,1,1,0.474999994,0,75.33902329
breyer,OR,1994,103,packwood,0,0.039000001,1,1,0,0.474999994,0,86.39454891
breyer,OR,1994,103,hatfield,0,-0.063000001,1,1,0,0.474999994,0,86.39454891
breyer,PA,1994,103,wofford,1,-0.317999989,1,1,1,0.474999994,1,85.16479807
breyer,PA,1994,103,specter,0,-0.005,1,1,0,0.474999994,0,85.16479807
breyer,RI,1994,103,chafee,0,-0.016000001,1,1,0,0.474999994,1,88.74761632
breyer,SC,1994,103,hollings,1,-0.152999997,1,1,1,0.474999994,0,77.74631581
breyer,SC,1994,103,thurmond,0,0.409000009,1,1,0,0.474999994,0,77.74631581
breyer,SD,1994,103,daschle,1,-0.268999994,1,1,1,0.474999994,0,77.49951844
breyer,SD,1994,103,pressler,0,0.216999993,1,1,0,0.474999994,0,77.49951844
breyer,TN,1994,103,mathews,1,-0.216999993,1,1,1,0.474999994,0,81.16038073
breyer,TN,1994,103,sasser,1,-0.287,1,1,1,0.474999994,1,81.16038073
breyer,TX,1994,103,gramm  phil,0,0.528999984,1,1,0,0.474999994,0,77.36954101
breyer,TX,1994,103,hutchison,1,0.333000004,1,1,0,0.474999994,1,77.36954101
breyer,UT,1994,103,hatch,0,0.375,1,1,0,0.474999994,1,74.71095299
breyer,UT,1994,103,bennett,0,0.300000012,1,1,0,0.474999994,0,74.71095299
breyer,VA,1994,103,warner,0,0.245000005,1,1,0,0.474999994,0,80.35983658
breyer,VA,1994,103,robb,1,-0.200000003,1,1,1,0.474999994,1,80.35983658
breyer,VT,1994,103,jeffords,0,-0.022,1,1,0,0.474999994,1,84.91343133
breyer,VT,1994,103,leahy,1,-0.375,1,1,1,0.474999994,0,84.91343133
breyer,WA,1994,103,gorton,0,0.209000006,1,1,0,0.474999994,1,87.03652607
breyer,WA,1994,103,murray,1,-0.356000006,1,1,1,0.474999994,0,87.03652607
breyer,WI,1994,103,kohl,1,-0.296000004,1,1,1,0.474999994,1,84.57281523
breyer,WI,1994,103,feingold,1,-0.59799999,1,1,0,0.474999994,0,84.57281523
breyer,WV,1994,103,byrd  rober,1,-0.207000002,1,1,1,0.474999994,1,85.50162233
breyer,WV,1994,103,rockefeller,1,-0.300999999,1,1,1,0.474999994,0,85.50162233
breyer,WY,1994,103,simpson,0,0.282000005,1,1,0,0.474999994,0,81.24907809
ginsburg,AK,1993,103,stevens,0,0.179000005,1,1,0,0.680000007,0,73.92808295
ginsburg,AK,1993,103,murkowski,0,0.316000015,1,1,0,0.680000007,0,73.92808295
ginsburg,AL,1993,103,heflin,1,0.012,1,1,1,0.680000007,0,69.10648813
ginsburg,AL,1993,103,shelby,1,0.071999997,1,1,1,0.680000007,0,69.10648813
ginsburg,AR,1993,103,pryor,1,-0.229000002,1,1,1,0.680000007,0,70.98706087
ginsburg,AR,1993,103,bumpers,1,-0.307000011,1,1,1,0.680000007,0,70.98706087
ginsburg,AZ,1993,103,mccain,0,0.298000008,1,1,0,0.680000007,0,77.2836666
ginsburg,AZ,1993,103,deconcini,1,-0.140000001,1,1,1,0.680000007,1,77.2836666
ginsburg,CA,1993,103,feinstein,1,-0.236000001,1,1,1,0.680000007,1,83.24685724
ginsburg,CA,1993,103,boxer,1,-0.462000012,1,1,1,0.680000007,0,83.24685724
ginsburg,CO,1993,103,brown  hank,0,0.488000005,1,1,0,0.680000007,0,80.955756
ginsburg,CO,1993,103,campbell,1,-0.144999996,1,1,1,0.680000007,0,80.955756
ginsburg,CT,1993,103,dodd,1,-0.331,1,1,1,0.680000007,0,83.64077879
ginsburg,CT,1993,103,lieberman,1,-0.218999997,1,1,1,0.680000007,1,83.64077879
ginsburg,DE,1993,103,roth  willi,0,0.238000005,1,1,0,0.680000007,1,78.10201296
ginsburg,DE,1993,103,biden,1,-0.335000008,1,1,1,0.680000007,0,78.10201296
ginsburg,FL,1993,103,mack,0,0.412,1,1,0,0.680000007,1,78.84284082
ginsburg,FL,1993,103,graham  bob,1,-0.215000004,1,1,1,0.680000007,0,78.84284082
ginsburg,GA,1993,103,nunn,1,-0.07,1,1,1,0.680000007,0,73.37315554
ginsburg,GA,1993,103,coverdell,0,0.363000005,1,1,0,0.680000007,0,73.37315554
ginsburg,HI,1993,103,inouye,1,-0.31400001,1,1,1,0.680000007,0,81.42065705
ginsburg,HI,1993,103,akaka,1,-0.381999999,1,1,1,0.680000007,1,81.42065705
ginsburg,IA,1993,103,grassley,0,0.289000005,1,1,0,0.680000007,0,80.42120863
ginsburg,IA,1993,103,harkin,1,-0.388000011,1,1,1,0.680000007,0,80.42120863
ginsburg,ID,1993,103,kempthorne,0,0.425999999,1,1,0,0.680000007,0,70.61568067
ginsburg,ID,1993,103,craig,0,0.477999985,1,1,0,0.680000007,0,70.61568067
ginsburg,IL,1993,103,"braun, carol",1,-0.372000009,1,1,1,0.680000007,0,83.3376971
ginsburg,IL,1993,103,simon,1,-0.432999998,1,1,1,0.680000007,0,83.3376971
ginsburg,IN,1993,103,coats,0,0.354000002,1,1,0,0.680000007,0,78.4358242
ginsburg,IN,1993,103,lugar,0,0.280999988,1,1,0,0.680000007,1,78.4358242
ginsburg,KS,1993,103,dole,0,0.321999997,1,1,0,0.680000007,0,78.56396187
ginsburg,KS,1993,103,kassebaum,0,0.135000005,1,1,0,0.680000007,0,78.56396187
ginsburg,KY,1993,103,ford  wende,1,-0.178000003,1,1,1,0.680000007,0,74.86546135
ginsburg,KY,1993,103,mcconnell,0,0.345999986,1,1,0,0.680000007,0,74.86546135
ginsburg,LA,1993,103,johnston  b,1,-0.104999997,1,1,1,0.680000007,0,70.46309943
ginsburg,LA,1993,103,breaux,1,-0.057,1,1,1,0.680000007,0,70.46309943
ginsburg,MA,1993,103,kerry  john,1,-0.363999993,1,1,1,0.680000007,0,83.2582818
ginsburg,MA,1993,103,kennedy  ed,1,-0.474000007,1,1,1,0.680000007,1,83.2582818
ginsburg,MD,1993,103,mikulski,1,-0.361999989,1,1,1,0.680000007,0,81.08993018
ginsburg,MD,1993,103,sarbanes,1,-0.432999998,1,1,1,0.680000007,1,81.08993018
ginsburg,ME,1993,103,cohen,0,0.035,1,1,0,0.680000007,0,77.36206255
ginsburg,ME,1993,103,mitchell  g,1,-0.344000012,1,1,1,0.680000007,1,77.36206255
ginsburg,MI,1993,103,levin  carl,1,-0.395000011,1,1,1,0.680000007,0,84.78060401
ginsburg,MN,1993,103,durenberger,0,0.032000002,1,1,0,0.680000007,1,81.62695041
ginsburg,MN,1993,103,wellstone,1,-0.64200002,1,1,1,0.680000007,0,81.62695041
ginsburg,MO,1993,103,bond,0,0.289999992,1,1,0,0.680000007,0,78.70441498
ginsburg,MO,1993,103,danforth,0,0.127000004,1,1,0,0.680000007,1,78.70441498
ginsburg,MS,1993,103,lott,0,0.384000003,1,1,0,0.680000007,1,69.40633879
ginsburg,MS,1993,103,cochran,0,0.254000008,1,1,0,0.680000007,0,69.40633879
ginsburg,MT,1993,103,baucus,1,-0.222000003,1,1,1,0.680000007,0,80.90362752
ginsburg,MT,1993,103,burns,0,0.34799999,1,1,0,0.680000007,1,80.90362752
ginsburg,NC,1993,103,helms,0,0.648000002,0,1,0,0.680000007,0,73.83386878
ginsburg,NC,1993,103,faircloth,0,0.620999992,1,1,0,0.680000007,0,73.83386878
ginsburg,ND,1993,103,conrad,1,-0.252000004,1,1,1,0.680000007,1,71.93138711
ginsburg,ND,1993,103,dorgan,1,-0.226999998,1,1,1,0.680000007,0,71.93138711
ginsburg,NE,1993,103,kerrey  rob,1,-0.229000002,1,1,1,0.680000007,1,78.41877989
ginsburg,NE,1993,103,exon,1,-0.108000003,1,1,1,0.680000007,0,78.41877989
ginsburg,NH,1993,103,smith  robe,0,0.617999971,0,1,0,0.680000007,0,79.50879027
ginsburg,NH,1993,103,gregg,0,0.386999995,1,1,0,0.680000007,0,79.50879027
ginsburg,NJ,1993,103,lautenberg,1,-0.404000014,1,1,1,0.680000007,1,83.91345684
ginsburg,NJ,1993,103,bradley,1,-0.379000008,1,1,1,0.680000007,0,83.91345684
ginsburg,NM,1993,103,bingaman,1,-0.236000001,1,1,1,0.680000007,1,78.37601479
ginsburg,NM,1993,103,domenici,0,0.231000006,1,1,0,0.680000007,0,78.37601479
ginsburg,NV,1993,103,reid,1,-0.222000003,1,1,1,0.680000007,0,79.99044155
ginsburg,NV,1993,103,bryan  rich,1,-0.214000002,1,1,1,0.680000007,1,79.99044155
ginsburg,NY,1993,103,moynihan,1,-0.344000012,1,1,1,0.680000007,1,84.12331731
ginsburg,NY,1993,103,damato,0,0.138999999,1,1,0,0.680000007,0,84.12331731
ginsburg,OH,1993,103,glenn,1,-0.279000014,1,1,1,0.680000007,0,83.52760597
ginsburg,OH,1993,103,metzenbaum,1,-0.518000007,1,1,1,0.680000007,1,83.52760597
ginsburg,OK,1993,103,boren,1,-0.050999999,1,1,1,0.680000007,0,72.13972067
ginsburg,OK,1993,103,nickles  do,0,0.481000006,0,1,0,0.680000007,0,72.13972067
ginsburg,OR,1993,103,hatfield,0,-0.063000001,1,1,0,0.680000007,0,81.41693972
ginsburg,OR,1993,103,packwood,0,0.039000001,1,1,0,0.680000007,0,81.41693972
ginsburg,PA,1993,103,specter,0,-0.005,1,1,0,0.680000007,0,80.93897704
ginsburg,PA,1993,103,wofford,1,-0.317999989,1,1,1,0.680000007,1,80.93897704
ginsburg,RI,1993,103,pell,1,-0.382999986,1,1,1,0.680000007,0,84.97534926
ginsburg,RI,1993,103,chafee,0,-0.016000001,1,1,0,0.680000007,1,84.97534926
ginsburg,SC,1993,103,thurmond,0,0.409000009,1,1,0,0.680000007,0,71.36062604
ginsburg,SC,1993,103,hollings,1,-0.152999997,1,1,1,0.680000007,0,71.36062604
ginsburg,SD,1993,103,pressler,0,0.216999993,1,1,0,0.680000007,0,72.06283358
ginsburg,SD,1993,103,daschle,1,-0.268999994,1,1,1,0.680000007,0,72.06283358
ginsburg,TN,1993,103,sasser,1,-0.287,1,1,1,0.680000007,1,71.74212183
ginsburg,TN,1993,103,mathews,1,-0.216999993,1,1,1,0.680000007,0,71.74212183
ginsburg,TX,1993,103,hutchison,1,0.333000004,1,1,0,0.680000007,1,73.27585796
ginsburg,TX,1993,103,gramm  phil,0,0.528999984,1,1,0,0.680000007,0,73.27585796
ginsburg,UT,1993,103,bennett,0,0.300000012,1,1,0,0.680000007,0,71.47300188
ginsburg,UT,1993,103,hatch,0,0.375,1,1,0,0.680000007,1,71.47300188
ginsburg,VA,1993,103,robb,1,-0.200000003,1,1,1,0.680000007,1,76.53980053
ginsburg,VA,1993,103,warner,0,0.245000005,1,1,0,0.680000007,0,76.53980053
ginsburg,VT,1993,103,leahy,1,-0.375,1,1,1,0.680000007,0,79.51746947
ginsburg,VT,1993,103,jeffords,0,-0.022,1,1,0,0.680000007,1,79.51746947
ginsburg,WA,1993,103,gorton,0,0.209000006,1,1,0,0.680000007,1,81.71851175
ginsburg,WA,1993,103,murray,1,-0.356000006,1,1,1,0.680000007,0,81.71851175
ginsburg,WI,1993,103,feingold,1,-0.59799999,1,1,0,0.680000007,0,81.63733298
ginsburg,WI,1993,103,kohl,1,-0.296000004,1,1,1,0.680000007,1,81.63733298
ginsburg,WV,1993,103,byrd  rober,1,-0.207000002,1,1,1,0.680000007,1,76.22286221
ginsburg,WV,1993,103,rockefeller,1,-0.300999999,1,1,1,0.680000007,0,76.22286221
ginsburg,WY,1993,103,simpson,0,0.282000005,1,1,0,0.680000007,0,76.6511721
ginsburg,WY,1993,103,wallop,0,0.559000015,1,1,0,0.680000007,1,76.6511721
miers,AK,2005,109,stevens,0,0.196999997,"NA",0,1,0.270000011,0,56.36706528
miers,AK,2005,109,murkowski,0,0.237000003,"NA",0,1,0.270000011,0,56.36706528
miers,AL,2005,109,sessions,0,0.465000004,"NA",0,1,0.270000011,0,57.05233803
miers,AL,2005,109,shelby,0,0.363999993,"NA",0,1,0.270000011,0,57.05233803
miers,AR,2005,109,pryor,1,-0.172000006,"NA",0,0,0.270000011,0,54.84656898
miers,AR,2005,109,lincoln,1,-0.138999999,"NA",0,0,0.270000011,0,54.84656898
miers,AZ,2005,109,mccain,0,0.291000009,"NA",0,1,0.270000011,0,55.7581013
miers,AZ,2005,109,kyl,0,0.514999986,"NA",0,1,0.270000011,1,55.7581013
miers,CA,2005,109,boxer,1,-0.449999988,"NA",0,0,0.270000011,0,37.87477553
miers,CA,2005,109,feinstein,1,-0.245000005,"NA",0,0,0.270000011,1,37.87477553
miers,CO,2005,109,salazar,1,-0.315499991,"NA",0,0,0.270000011,0,45.13860448
miers,CO,2005,109,allard,0,0.518999994,"NA",0,1,0.270000011,0,45.13860448
miers,CT,2005,109,dodd,1,-0.333999991,"NA",0,0,0.270000011,0,44.11778348
miers,CT,2005,109,lieberman,1,-0.222000003,"NA",0,0,0.270000011,1,44.11778348
miers,DE,2005,109,biden,1,-0.335000008,"NA",0,0,0.270000011,0,49.42211893
miers,DE,2005,109,carper,1,-0.135000005,"NA",0,0,0.270000011,1,49.42211893
miers,FL,2005,109,martinez,0,0.362500012,"NA",0,1,0.270000011,0,53.81608925
miers,FL,2005,109,nelson  cla,1,-0.119000003,"NA",0,0,0.270000011,1,53.81608925
miers,GA,2005,109,isakson,0,0.367000014,"NA",0,1,0.270000011,0,53.20745466
miers,GA,2005,109,chambliss,0,0.370999992,"NA",0,1,0.270000011,0,53.20745466
miers,HI,2005,109,akaka,1,-0.388999999,"NA",0,0,0.270000011,1,44.18248133
miers,HI,2005,109,inouye,1,-0.32100001,"NA",0,0,0.270000011,0,44.18248133
miers,IA,2005,109,harkin,1,-0.389999986,"NA",0,0,0.270000011,0,52.27913385
miers,IA,2005,109,grassley,0,0.294,"NA",0,1,0.270000011,0,52.27913385
miers,ID,2005,109,craig,0,0.48300001,"NA",0,1,0.270000011,0,63.55902965
miers,ID,2005,109,crapo,0,0.425000012,"NA",0,1,0.270000011,0,63.55902965
miers,IL,2005,109,obama,1,-0.315499991,"NA",0,0,0.270000011,0,51.45760943
miers,IL,2005,109,durbin,1,-0.351000011,"NA",0,0,0.270000011,0,51.45760943
miers,IN,2005,109,bayh,1,-0.177000001,"NA",0,0,0.270000011,0,57.46515991
miers,IN,2005,109,lugar,0,0.289999992,"NA",0,1,0.270000011,1,57.46515991
miers,KS,2005,109,roberts,0,0.377000004,"NA",0,1,0.270000011,0,54.4696633
miers,KS,2005,109,brownback,0,0.405999988,"NA",0,1,0.270000011,0,54.4696633
miers,KY,2005,109,mcconnell,0,0.361000001,"NA",0,1,0.270000011,0,51.81377846
miers,KY,2005,109,bunning,0,0.470999986,"NA",0,1,0.270000011,0,51.81377846
miers,LA,2005,109,vitter,0,0.419,"NA",0,1,0.270000011,0,60.75688528
miers,LA,2005,109,landrieu,1,-0.158000007,"NA",0,0,0.270000011,0,60.75688528
miers,MA,2005,109,kennedy  ed,1,-0.47299999,"NA",0,0,0.270000011,1,44.97980102
miers,MA,2005,109,kerry  john,1,-0.372999996,"NA",0,0,0.270000011,0,44.97980102
miers,MD,2005,109,mikulski,1,-0.365999997,"NA",0,0,0.270000011,0,40.43261903
miers,MD,2005,109,sarbanes,1,-0.437000006,"NA",0,0,0.270000011,1,40.43261903
miers,ME,2005,109,snowe,0,0.088,"NA",0,1,0.270000011,1,55.21966999
miers,ME,2005,109,collins,0,0.093999997,"NA",0,1,0.270000011,0,55.21966999
miers,MI,2005,109,stabenow,1,-0.296000004,"NA",0,0,0.270000011,1,49.66346023
miers,MI,2005,109,levin  carl,1,-0.400000006,"NA",0,0,0.270000011,0,49.66346023
miers,MN,2005,109,dayton,1,-0.398000002,"NA",0,0,0.270000011,1,54.3471367
miers,MN,2005,109,coleman,0,0.226999998,"NA",0,1,0.270000011,0,54.3471367
miers,MO,2005,109,talent,0,0.377999991,"NA",0,1,0.270000011,1,56.17553944
miers,MO,2005,109,bond,0,0.298000008,"NA",0,1,0.270000011,0,56.17553944
miers,MS,2005,109,lott,0,0.386000007,"NA",0,1,0.270000011,1,60.58265728
miers,MS,2005,109,cochran,0,0.266000003,"NA",0,1,0.270000011,0,60.58265728
miers,MT,2005,109,baucus,1,-0.218999997,"NA",0,0,0.270000011,0,46.47716095
miers,MT,2005,109,burns,0,0.35800001,"NA",0,1,0.270000011,1,46.47716095
miers,NC,2005,109,burr,0,0.372000009,"NA",0,1,0.270000011,0,54.27363929
miers,NC,2005,109,dole,0,0.326999992,"NA",0,1,0.270000011,0,54.27363929
miers,ND,2005,109,conrad,1,-0.254999995,"NA",0,0,0.270000011,1,65.02622309
miers,ND,2005,109,dorgan,1,-0.236000001,"NA",0,0,0.270000011,0,65.02622309
miers,NE,2005,109,nelson  ben,1,-0.002,"NA",0,0,0.270000011,1,59.62879534
miers,NE,2005,109,hagel,0,0.31400001,"NA",0,1,0.270000011,0,59.62879534
miers,NH,2005,109,gregg,0,0.375,"NA",0,1,0.270000011,0,50.21703381
miers,NH,2005,109,sununu,0,0.449000001,"NA",0,1,0.270000011,0,50.21703381
miers,NJ,2005,109,lautenberg,1,-0.409000009,"NA",0,0,0.270000011,0,43.67566921
miers,NJ,2005,109,menendez,1,-0.323000014,"NA",0,0,0.270000011,1,43.67566921
miers,NM,2005,109,bingaman,1,-0.240999997,"NA",0,0,0.270000011,1,53.2842525
miers,NM,2005,109,domenici,0,0.246000007,"NA",0,1,0.270000011,0,53.2842525
miers,NV,2005,109,reid,1,-0.238000005,"NA",0,0,0.270000011,0,49.32042501
miers,NV,2005,109,ensign,0,0.368000001,"NA",0,1,0.270000011,1,49.32042501
miers,NY,2005,109,clinton,1,-0.375999987,"NA",0,0,0.270000011,1,43.46917388
miers,NY,2005,109,schumer,1,-0.342000008,"NA",0,0,0.270000011,0,43.46917388
miers,OH,2005,109,voinovich,0,0.257999986,"NA",0,1,0.270000011,0,52.95684539
miers,OH,2005,109,dewine,0,0.268999994,"NA",0,1,0.270000011,1,52.95684539
miers,OK,2005,109,inhofe,0,0.512000024,"NA",0,1,0.270000011,0,63.07967602
miers,OK,2005,109,coburn,0,0.606000006,"NA",0,1,0.270000011,0,63.07967602
miers,OR,2005,109,wyden,1,-0.296000004,"NA",0,0,0.270000011,0,41.99681836
miers,OR,2005,109,smith  gord,0,0.196999997,"NA",0,1,0.270000011,0,41.99681836
miers,PA,2005,109,specter,0,0.014,"NA",0,1,0.270000011,0,49.52321737
miers,PA,2005,109,santorum,0,0.335000008,"NA",0,1,0.270000011,1,49.52321737
miers,RI,2005,109,reed,1,-0.393000007,"NA",0,0,0.270000011,0,44.24413769
miers,RI,2005,109,chafee,0,-0.008,"NA",0,1,0.270000011,0,44.24413769
miers,SC,2005,109,graham,0,0.374000013,"NA",0,1,0.270000011,0,56.48715756
miers,SC,2005,109,demint,0,0.546999991,"NA",0,1,0.270000011,0,56.48715756
miers,SD,2005,109,thune,0,0.298000008,"NA",0,1,0.270000011,0,62.48485333
miers,SD,2005,109,johnson,1,-0.211999997,"NA",0,0,0.270000011,0,62.48485333
miers,TN,2005,109,alexander,0,0.319999993,"NA",0,1,0.270000011,0,56.46268306
miers,TN,2005,109,frist,0,0.331999987,"NA",0,1,0.270000011,1,56.46268306
miers,TX,2005,109,cornyn,0,0.43599999,"NA",0,1,0.270000011,1,59.54458563
miers,TX,2005,109,hutchison,0,0.326000005,"NA",0,1,0.270000011,1,59.54458563
miers,UT,2005,109,hatch,0,0.379999995,"NA",0,1,0.270000011,1,64.01129658
miers,UT,2005,109,bennett,0,0.312999994,"NA",0,1,0.270000011,0,64.01129658
miers,VA,2005,109,warner,0,0.25,"NA",0,1,0.270000011,0,54.5422336
miers,VA,2005,109,allen,0,0.374000013,"NA",0,1,0.270000011,1,54.5422336
miers,VT,2005,109,leahy,1,-0.377000004,"NA",0,0,0.270000011,0,50.36906804
miers,VT,2005,109,jeffords,1,-0.246000007,"NA",0,0,0.270000011,1,50.36906804
miers,WA,2005,109,murray,1,-0.342000008,"NA",0,0,0.270000011,0,41.10182848
miers,WA,2005,109,cantwell,1,-0.25999999,"NA",0,0,0.270000011,1,41.10182848
miers,WI,2005,109,feingold,1,-0.573000014,"NA",0,0,0.270000011,0,52.25994032
miers,WI,2005,109,kohl,1,-0.293000013,"NA",0,0,0.270000011,1,52.25994032
miers,WV,2005,109,rockefeller,1,-0.310000002,"NA",0,0,0.270000011,0,49.63522099
miers,WV,2005,109,byrd  rober,1,-0.231999993,"NA",0,0,0.270000011,1,49.63522099
miers,WY,2005,109,enzi,0,0.476000011,"NA",0,1,0.270000011,0,53.80795898
miers,WY,2005,109,thomas,0,0.437999994,"NA",0,1,0.270000011,1,53.80795898
oconnor,AK,1981,97,stevens  t,0,0.179000005,1,0,1,0.414999992,0,91.27118063
oconnor,AK,1981,97,murkowski,0,0.316000015,1,0,1,0.414999992,0,91.27118063
oconnor,AL,1981,97,denton  j,0,0.458999991,1,0,1,0.414999992,0,87.52859572
oconnor,AL,1981,97,heflin  h,1,0.012,1,0,0,0.414999992,0,87.52859572
oconnor,AR,1981,97,bumpers  d,1,-0.307000011,1,0,0,0.414999992,0,87.53077937
oconnor,AR,1981,97,pryor  d,1,-0.229000002,1,0,0,0.414999992,0,87.53077937
oconnor,AZ,1981,97,deconcini,1,-0.140000001,1,0,0,0.414999992,1,91.04939449
oconnor,AZ,1981,97,goldwater,0,0.597000003,1,0,1,0.414999992,0,91.04939449
oconnor,CA,1981,97,hayakawa  s,0,0.35800001,1,0,1,0.414999992,1,91.24768335
oconnor,CA,1981,97,cranston  a,1,-0.423999995,1,0,0,0.414999992,0,91.24768335
oconnor,CO,1981,97,armstrong,0,0.507000029,1,0,1,0.414999992,0,91.42260041
oconnor,CO,1981,97,hart  g,1,-0.416000009,1,0,0,0.414999992,0,91.42260041
oconnor,CT,1981,97,weicker  l,0,-0.072999999,1,0,1,0.414999992,1,90.92032987
oconnor,CT,1981,97,dodd  c jr,1,-0.331,1,0,0,0.414999992,0,90.92032987
oconnor,DE,1981,97,roth  w,0,0.238000005,1,0,1,0.414999992,1,88.5628403
oconnor,DE,1981,97,biden  j,1,-0.335000008,1,0,0,0.414999992,0,88.5628403
oconnor,FL,1981,97,chiles  l,1,-0.157000005,1,0,0,0.414999992,1,88.51372667
oconnor,FL,1981,97,hawkins  p,0,0.174999997,1,0,1,0.414999992,0,88.51372667
oconnor,GA,1981,97,mattingly,0,0.323000014,1,0,1,0.414999992,0,87.68047516
oconnor,GA,1981,97,nunn  s,1,-0.07,1,0,0,0.414999992,0,87.68047516
oconnor,HI,1981,97,matsunaga,1,-0.404000014,1,0,0,0.414999992,1,91.24649817
oconnor,HI,1981,97,inouye  d,1,-0.31400001,1,0,0,0.414999992,0,91.24649817
oconnor,IA,1981,97,jepsen  r,0,0.303000003,1,0,1,0.414999992,0,90.56718294
oconnor,IA,1981,97,grassley  c,0,0.289000005,1,0,1,0.414999992,0,90.56718294
oconnor,ID,1981,97,symms  s,0,0.671999991,1,0,1,0.414999992,0,90.93819681
oconnor,ID,1981,97,mcclure  j,0,0.474000007,1,0,1,0.414999992,0,90.93819681
oconnor,IL,1981,97,dixon  a,1,-0.138999999,1,0,0,0.414999992,0,90.43831693
oconnor,IL,1981,97,percy  c,0,-0.01,1,0,1,0.414999992,0,90.43831693
oconnor,IN,1981,97,lugar  r,0,0.280999988,1,0,1,0.414999992,1,90.18972686
oconnor,IN,1981,97,quayle  j d,0,0.439999998,1,0,1,0.414999992,0,90.18972686
oconnor,KS,1981,97,kassebaum,0,0.135000005,1,0,1,0.414999992,0,90.79566434
oconnor,KS,1981,97,dole  r,0,0.321999997,1,0,1,0.414999992,0,90.79566434
oconnor,KY,1981,97,ford  w,1,-0.178000003,1,0,0,0.414999992,0,87.63720642
oconnor,KY,1981,97,huddleston,1,-0.241999999,1,0,0,0.414999992,0,87.63720642
oconnor,LA,1981,97,johnston  j,1,-0.104999997,1,0,0,0.414999992,0,87.60642896
oconnor,LA,1981,97,long  r,1,-0.086999997,1,0,0,0.414999992,0,87.60642896
oconnor,MA,1981,97,kennedy  e,1,-0.474000007,1,0,0,0.414999992,1,91.01967442
oconnor,MA,1981,97,tsongas  p,1,-0.432999998,1,0,0,0.414999992,0,91.01967442
oconnor,MD,1981,97,mathias  c,0,-0.135000005,1,0,1,0.414999992,0,88.57411325
oconnor,MD,1981,97,sarbanes  p,1,-0.432999998,1,0,0,0.414999992,1,88.57411325
oconnor,ME,1981,97,mitchell  g,1,-0.344000012,1,0,0,0.414999992,1,90.54052867
oconnor,ME,1981,97,cohen  w,0,0.035,1,0,1,0.414999992,0,90.54052867
oconnor,MI,1981,97,riegle  d,1,-0.402999997,1,0,0,0.414999992,1,90.35408925
oconnor,MI,1981,97,levin  c,1,-0.395000011,1,0,0,0.414999992,0,90.35408925
oconnor,MN,1981,97,boschwitz,0,0.188999996,1,0,1,0.414999992,0,90.85271294
oconnor,MN,1981,97,durenberger,0,0.032000002,1,0,1,0.414999992,1,90.85271294
oconnor,MO,1981,97,danforth  j,0,0.127000004,1,0,1,0.414999992,1,90.18481771
oconnor,MO,1981,97,eagleton  t,1,-0.35800001,1,0,0,0.414999992,0,90.18481771
oconnor,MS,1981,97,cochran  t,0,0.254000008,1,0,1,0.414999992,0,87.30771221
oconnor,MS,1981,97,stennis  j,1,0.055,1,0,0,0.414999992,1,87.30771221
oconnor,MT,1981,97,melcher  j,1,-0.280000001,1,0,0,0.414999992,1,91.01411277
oconnor,NC,1981,97,east  j,0,0.579999983,1,0,1,0.414999992,0,87.70985919
oconnor,NC,1981,97,helms  j,0,0.648000002,1,0,1,0.414999992,0,87.70985919
oconnor,ND,1981,97,andrews  m,0,0.096000001,1,0,1,0.414999992,0,90.69289473
oconnor,ND,1981,97,burdick  q,1,-0.356000006,1,0,0,0.414999992,1,90.69289473
oconnor,NE,1981,97,exon  j,1,-0.108000003,1,0,0,0.414999992,0,90.75487734
oconnor,NE,1981,97,zorinsky  e,1,0.043000001,1,0,0,0.414999992,1,90.75487734
oconnor,NH,1981,97,humphrey  g,0,0.596000016,1,0,1,0.414999992,0,90.89377495
oconnor,NH,1981,97,rudman  w,0,0.239999995,1,0,1,0.414999992,0,90.89377495
oconnor,NJ,1981,97,williams  h,1,-0.375,1,0,0,0.414999992,1,90.58767102
oconnor,NJ,1981,97,bradley  w,1,-0.379000008,1,0,0,0.414999992,0,90.58767102
oconnor,NM,1981,97,domenici  p,0,0.231000006,1,0,1,0.414999992,0,90.88925842
oconnor,NM,1981,97,schmitt  h,0,0.298000008,1,0,1,0.414999992,1,90.88925842
oconnor,NV,1981,97,cannon  h,1,-0.162,1,0,0,0.414999992,1,90.82259781
oconnor,NV,1981,97,laxalt  p,0,0.463999987,1,0,1,0.414999992,0,90.82259781
oconnor,NY,1981,97,moynihan  p,1,-0.344000012,1,0,0,0.414999992,1,90.60070075
oconnor,NY,1981,97,damato,0,0.138999999,1,0,1,0.414999992,0,90.60070075
oconnor,OH,1981,97,glenn  j,1,-0.279000014,1,0,0,0.414999992,0,90.24627473
oconnor,OH,1981,97,metzenbaum,1,-0.518000007,1,0,0,0.414999992,1,90.24627473
oconnor,OK,1981,97,nickles  d,0,0.481000006,1,0,1,0.414999992,0,88.48887573
oconnor,OK,1981,97,boren  d,1,-0.050999999,1,0,0,0.414999992,0,88.48887573
oconnor,OR,1981,97,hatfield  m,0,-0.063000001,1,0,1,0.414999992,0,91.09536079
oconnor,OR,1981,97,packwood  r,0,0.039000001,1,0,1,0.414999992,0,91.09536079
oconnor,PA,1981,97,specter  a,0,-0.005,1,0,1,0.414999992,0,90.21158225
oconnor,PA,1981,97,heinz  j,0,0.004,1,0,1,0.414999992,1,90.21158225
oconnor,RI,1981,97,pell  c,1,-0.382999986,1,0,0,0.414999992,0,90.47504744
oconnor,RI,1981,97,chafee  j,0,-0.016000001,1,0,1,0.414999992,1,90.47504744
oconnor,SC,1981,97,thurmond  s,0,0.409000009,1,0,1,0.414999992,0,87.5060948
oconnor,SC,1981,97,hollings  e,1,-0.152999997,1,0,0,0.414999992,0,87.5060948
oconnor,SD,1981,97,pressler  l,0,0.216999993,1,0,1,0.414999992,0,90.60046435
oconnor,SD,1981,97,abdnor  j,0,0.261000007,1,0,1,0.414999992,0,90.60046435
oconnor,TN,1981,97,baker  h,0,0.238000005,1,0,1,0.414999992,0,87.73545053
oconnor,TN,1981,97,sasser  j,1,-0.287,1,0,0,0.414999992,1,87.73545053
oconnor,TX,1981,97,tower  j,0,0.456999987,1,0,1,0.414999992,0,88.55431428
oconnor,TX,1981,97,bentsen  l,1,-0.093999997,1,0,0,0.414999992,1,88.55431428
oconnor,UT,1981,97,hatch  o,0,0.375,1,0,1,0.414999992,1,91.36818546
oconnor,UT,1981,97,garn  j,0,0.48300001,1,0,1,0.414999992,0,91.36818546
oconnor,VA,1981,97,byrd  hf,1,0.219999999,1,0,0,0.414999992,1,88.41911578
oconnor,VA,1981,97,warner  j,0,0.245000005,1,0,1,0.414999992,0,88.41911578
oconnor,VT,1981,97,leahy  p,1,-0.375,1,0,0,0.414999992,0,90.8726739
oconnor,VT,1981,97,stafford  r,0,-0.013,1,0,1,0.414999992,1,90.8726739
oconnor,WA,1981,97,gorton  s,0,0.209000006,1,0,1,0.414999992,0,91.18182538
oconnor,WA,1981,97,jackson  h,1,-0.340000004,1,0,0,0.414999992,1,91.18182538
oconnor,WI,1981,97,proxmire  w,1,-0.412,1,0,0,0.414999992,1,90.52338851
oconnor,WI,1981,97,kasten  r,0,0.247999996,1,0,1,0.414999992,0,90.52338851
oconnor,WV,1981,97,randolph  j,1,-0.210999995,1,0,0,0.414999992,0,87.72713187
oconnor,WV,1981,97,byrd  rc,1,-0.207000002,1,0,0,0.414999992,1,87.72713187
oconnor,WY,1981,97,wallop  m,0,0.559000015,1,0,1,0.414999992,1,91.09408359
oconnor,WY,1981,97,simpson  a,0,0.282000005,1,0,1,0.414999992,0,91.09408359
rehnquist,AK,1986,99,stevens  t,0,0.179000005,1,0,1,0.045000002,0,65.83042152
rehnquist,AK,1986,99,murkowski,0,0.316000015,1,0,1,0.045000002,1,65.83042152
rehnquist,AL,1986,99,denton  j,0,0.458999991,1,0,1,0.045000002,1,63.77753782
rehnquist,AL,1986,99,heflin  h,1,0.012,1,0,0,0.045000002,0,63.77753782
rehnquist,AR,1986,99,bumpers  d,1,-0.307000011,1,0,0,0.045000002,1,64.39336254
rehnquist,AR,1986,99,pryor  d,1,-0.229000002,1,0,0,0.045000002,0,64.39336254
rehnquist,AZ,1986,99,deconcini,1,-0.140000001,1,0,0,0.045000002,0,67.43781062
rehnquist,CA,1986,99,wilson,0,0.300000012,1,0,1,0.045000002,0,62.35088594
rehnquist,CA,1986,99,cranston  a,1,-0.423999995,0,0,0,0.045000002,1,62.35088594
rehnquist,CO,1986,99,hart  g,1,-0.416000009,0,0,0,0.045000002,1,62.57307224
rehnquist,CO,1986,99,armstrong,0,0.507000029,1,0,1,0.045000002,0,62.57307224
rehnquist,CT,1986,99,weicker  l,0,-0.072999999,0,0,1,0.045000002,0,48.1814485
rehnquist,CT,1986,99,dodd  c jr,1,-0.331,0,0,0,0.045000002,1,48.1814485
rehnquist,DE,1986,99,biden  j,1,-0.335000008,0,0,0,0.045000002,0,63.06813211
rehnquist,DE,1986,99,roth  w,0,0.238000005,1,0,1,0.045000002,0,63.06813211
rehnquist,FL,1986,99,chiles  l,1,-0.157000005,1,0,0,0.045000002,0,68.64377399
rehnquist,FL,1986,99,hawkins  p,0,0.174999997,1,0,1,0.045000002,1,68.64377399
rehnquist,GA,1986,99,nunn  s,1,-0.07,1,0,0,0.045000002,0,63.45141685
rehnquist,GA,1986,99,mattingly,0,0.323000014,1,0,1,0.045000002,1,63.45141685
rehnquist,HI,1986,99,inouye  d,1,-0.31400001,0,0,0,0.045000002,1,62.47946819
rehnquist,HI,1986,99,matsunaga,1,-0.404000014,0,0,0,0.045000002,0,62.47946819
rehnquist,IA,1986,99,harkin  t,1,-0.388000011,0,0,0,0.045000002,0,61.6695732
rehnquist,IA,1986,99,grassley  c,0,0.289000005,1,0,1,0.045000002,1,61.6695732
rehnquist,ID,1986,99,symms  s,0,0.671999991,1,0,1,0.045000002,1,71.29993173
rehnquist,ID,1986,99,mcclure  j,0,0.474000007,1,0,1,0.045000002,0,71.29993173
rehnquist,IL,1986,99,simon  p,1,-0.432999998,0,0,0,0.045000002,0,56.35130561
rehnquist,IL,1986,99,dixon  a,1,-0.138999999,1,0,0,0.045000002,1,56.35130561
rehnquist,IN,1986,99,lugar  r,0,0.280999988,1,0,1,0.045000002,0,60.73215408
rehnquist,IN,1986,99,quayle  j d,0,0.439999998,1,0,1,0.045000002,1,60.73215408
rehnquist,KS,1986,99,kassebaum,0,0.135000005,1,0,1,0.045000002,0,56.18613859
rehnquist,KS,1986,99,dole  r,0,0.321999997,1,0,1,0.045000002,1,56.18613859
rehnquist,KY,1986,99,ford  w,1,-0.178000003,1,0,0,0.045000002,1,67.65348774
rehnquist,KY,1986,99,mcconnell,0,0.345999986,1,0,1,0.045000002,0,67.65348774
rehnquist,LA,1986,99,johnston,1,-0.104999997,1,0,0,0.045000002,0,63.70441075
rehnquist,LA,1986,99,long  r,1,-0.086999997,1,0,0,0.045000002,1,63.70441075
rehnquist,MA,1986,99,kerry  j,1,-0.363999993,0,0,0,0.045000002,0,51.98596746
rehnquist,MA,1986,99,kennedy  e,1,-0.474000007,0,0,0,0.045000002,0,51.98596746
rehnquist,MD,1986,99,sarbanes  p,1,-0.432999998,0,0,0,0.045000002,0,56.44938248
rehnquist,MD,1986,99,mathias  c,0,-0.135000005,0,0,1,0.045000002,1,56.44938248
rehnquist,ME,1986,99,mitchell  g,1,-0.344000012,0,0,0,0.045000002,0,59.22949508
rehnquist,ME,1986,99,cohen  w,0,0.035,1,0,1,0.045000002,0,59.22949508
rehnquist,MI,1986,99,riegle  d,1,-0.402999997,0,0,0,0.045000002,0,55.21918458
rehnquist,MI,1986,99,levin  c,1,-0.395000011,0,0,0,0.045000002,0,55.21918458
rehnquist,MN,1986,99,durenberger,0,0.032000002,1,0,1,0.045000002,0,56.7810464
rehnquist,MN,1986,99,boschwitz,0,0.188999996,1,0,1,0.045000002,0,56.7810464
rehnquist,MO,1986,99,eagleton  t,1,-0.35800001,0,0,0,0.045000002,1,52.04881244
rehnquist,MO,1986,99,danforth  j,0,0.127000004,1,0,1,0.045000002,0,52.04881244
rehnquist,MS,1986,99,cochran  t,0,0.254000008,1,0,1,0.045000002,0,62.59030868
rehnquist,MS,1986,99,stennis  j,1,0.055,1,0,0,0.045000002,0,62.59030868
rehnquist,MT,1986,99,melcher  j,1,-0.280000001,0,0,0,0.045000002,0,64.68643163
rehnquist,MT,1986,99,baucus  m,1,-0.222000003,0,0,0,0.045000002,0,64.68643163
rehnquist,NC,1986,99,helms  j,0,0.648000002,1,0,1,0.045000002,0,66.76777827
rehnquist,NC,1986,99,broyhill  j,0,0.289999992,1,0,1,0.045000002,1,66.76777827
rehnquist,ND,1986,99,andrews  m,0,0.096000001,1,0,1,0.045000002,1,65.6069218
rehnquist,ND,1986,99,burdick  q,1,-0.356000006,0,0,0,0.045000002,0,65.6069218
rehnquist,NE,1986,99,zorinsky  e,1,0.043000001,1,0,0,0.045000002,0,64.26601375
rehnquist,NE,1986,99,exon  j,1,-0.108000003,0,0,0,0.045000002,0,64.26601375
rehnquist,NH,1986,99,rudman  w,0,0.239999995,1,0,1,0.045000002,1,55.52550562
rehnquist,NH,1986,99,humphrey  g,0,0.596000016,1,0,1,0.045000002,0,55.52550562
rehnquist,NJ,1986,99,bradley  w,1,-0.379000008,0,0,0,0.045000002,0,51.48940586
rehnquist,NJ,1986,99,lautenberg,1,-0.404000014,0,0,0,0.045000002,0,51.48940586
rehnquist,NM,1986,99,bingaman,1,-0.236000001,0,0,0,0.045000002,0,63.15193312
rehnquist,NM,1986,99,domenici  p,0,0.231000006,1,0,1,0.045000002,0,63.15193312
rehnquist,NV,1986,99,laxalt  p,0,0.463999987,1,0,1,0.045000002,1,63.05347568
rehnquist,NV,1986,99,hecht,0,0.453000009,1,0,1,0.045000002,0,63.05347568
rehnquist,NY,1986,99,moynihan  p,1,-0.344000012,0,0,0,0.045000002,0,44.5977581
rehnquist,NY,1986,99,damato,0,0.138999999,1,0,1,0.045000002,1,44.5977581
rehnquist,OH,1986,99,glenn  j,1,-0.279000014,0,0,0,0.045000002,1,52.9495981
rehnquist,OH,1986,99,metzenbaum,1,-0.518000007,0,0,0,0.045000002,0,52.9495981
rehnquist,OK,1986,99,boren  d,1,-0.050999999,1,0,0,0.045000002,0,72.54202849
rehnquist,OK,1986,99,nickles  d,0,0.481000006,1,0,1,0.045000002,1,72.54202849
rehnquist,OR,1986,99,hatfield  m,0,-0.063000001,1,0,1,0.045000002,0,57.01708865
rehnquist,OR,1986,99,packwood  r,0,0.039000001,1,0,1,0.045000002,1,57.01708865
rehnquist,PA,1986,99,specter  a,0,-0.005,1,0,1,0.045000002,1,52.41091233
rehnquist,PA,1986,99,heinz  j,0,0.004,1,0,1,0.045000002,0,52.41091233
rehnquist,RI,1986,99,chafee  j,0,-0.016000001,1,0,1,0.045000002,0,50.54287139
rehnquist,RI,1986,99,pell  c,1,-0.382999986,0,0,0,0.045000002,0,50.54287139
rehnquist,SC,1986,99,hollings  e,1,-0.152999997,1,0,0,0.045000002,1,65.41406419
rehnquist,SC,1986,99,thurmond  s,0,0.409000009,1,0,1,0.045000002,0,65.41406419
rehnquist,SD,1986,99,abdnor  j,0,0.261000007,1,0,1,0.045000002,1,64.56838689
rehnquist,SD,1986,99,pressler  l,0,0.216999993,1,0,1,0.045000002,0,64.56838689
rehnquist,TN,1986,99,sasser  j,1,-0.287,0,0,0,0.045000002,0,65.41010993
rehnquist,TN,1986,99,gore  a,1,-0.289999992,0,0,0,0.045000002,0,65.41010993
rehnquist,TX,1986,99,bentsen  l,1,-0.093999997,1,0,0,0.045000002,0,67.57487649
rehnquist,TX,1986,99,gramm  p,0,0.528999984,1,0,1,0.045000002,0,67.57487649
rehnquist,UT,1986,99,hatch  o,0,0.375,1,0,1,0.045000002,0,65.22176802
rehnquist,VA,1986,99,warner  j,0,0.245000005,1,0,1,0.045000002,0,61.71786322
rehnquist,VA,1986,99,trible  p,0,0.268999994,1,0,1,0.045000002,0,61.71786322
rehnquist,VT,1986,99,leahy  p,1,-0.375,0,0,0,0.045000002,1,56.13895836
rehnquist,VT,1986,99,stafford  r,0,-0.013,1,0,1,0.045000002,0,56.13895836
rehnquist,WA,1986,99,evans  d,0,0.138999999,1,0,1,0.045000002,0,59.78887902
rehnquist,WA,1986,99,gorton  s,0,0.209000006,1,0,1,0.045000002,1,59.78887902
rehnquist,WI,1986,99,proxmire  w,1,-0.412,1,0,0,0.045000002,0,59.56376241
rehnquist,WI,1986,99,kasten  r,0,0.247999996,1,0,1,0.045000002,1,59.56376241
rehnquist,WV,1986,99,rockefeller,1,-0.300999999,0,0,0,0.045000002,0,65.73268171
rehnquist,WV,1986,99,byrd  rc,1,-0.207000002,0,0,0,0.045000002,0,65.73268171
rehnquist,WY,1986,99,wallop  m,0,0.559000015,1,0,1,0.045000002,0,64.83669848
rehnquist,WY,1986,99,simpson  a,0,0.282000005,1,0,1,0.045000002,0,64.83669848
roberts,AK,2005,109,stevens,0,0.196999997,1,0,1,0.119999997,0,77.45112028
roberts,AK,2005,109,murkowski,0,0.237000003,1,0,1,0.119999997,0,77.45112028
roberts,AL,2005,109,shelby,0,0.363999993,1,0,1,0.119999997,0,75.50369947
roberts,AL,2005,109,sessions,0,0.465000004,1,0,1,0.119999997,0,75.50369947
roberts,AR,2005,109,pryor,1,-0.172000006,1,0,0,0.119999997,0,75.44052884
roberts,AR,2005,109,lincoln,1,-0.138999999,1,0,0,0.119999997,0,75.44052884
roberts,AZ,2005,109,kyl,0,0.514999986,1,0,1,0.119999997,1,73.86035148
roberts,AZ,2005,109,mccain,0,0.291000009,1,0,1,0.119999997,0,73.86035148
roberts,CA,2005,109,feinstein,1,-0.245000005,0,0,0,0.119999997,1,63.41942013
roberts,CA,2005,109,boxer,1,-0.449999988,0,0,0,0.119999997,0,63.41942013
roberts,CO,2005,109,salazar,1,-0.315499991,1,0,0,0.119999997,0,67.36687375
roberts,CO,2005,109,allard,0,0.518999994,1,0,1,0.119999997,0,67.36687375
roberts,CT,2005,109,lieberman,1,-0.222000003,1,0,0,0.119999997,1,65.39619558
roberts,CT,2005,109,dodd,1,-0.333999991,1,0,0,0.119999997,0,65.39619558
roberts,DE,2005,109,biden,1,-0.335000008,0,0,0,0.119999997,0,70.12464643
roberts,DE,2005,109,carper,1,-0.135000005,1,0,0,0.119999997,1,70.12464643
roberts,FL,2005,109,nelson  cla,1,-0.119000003,1,0,0,0.119999997,1,73.56689688
roberts,FL,2005,109,martinez,0,0.362500012,1,0,1,0.119999997,0,73.56689688
roberts,GA,2005,109,isakson,0,0.367000014,1,0,1,0.119999997,0,70.75276205
roberts,GA,2005,109,chambliss,0,0.370999992,1,0,1,0.119999997,0,70.75276205
roberts,HI,2005,109,akaka,1,-0.388999999,0,0,0,0.119999997,1,68.91673831
roberts,HI,2005,109,inouye,1,-0.32100001,0,0,0,0.119999997,0,68.91673831
roberts,IA,2005,109,grassley,0,0.294,1,0,1,0.119999997,0,74.03794182
roberts,IA,2005,109,harkin,1,-0.389999986,0,0,0,0.119999997,0,74.03794182
roberts,ID,2005,109,crapo,0,0.425000012,1,0,1,0.119999997,0,81.61163033
roberts,ID,2005,109,craig,0,0.48300001,1,0,1,0.119999997,0,81.61163033
roberts,IL,2005,109,durbin,1,-0.351000011,0,0,0,0.119999997,0,67.30123832
roberts,IL,2005,109,obama,1,-0.315499991,0,0,0,0.119999997,0,67.30123832
roberts,IN,2005,109,bayh,1,-0.177000001,0,0,0,0.119999997,0,74.26647297
roberts,IN,2005,109,lugar,0,0.289999992,1,0,1,0.119999997,1,74.26647297
roberts,KS,2005,109,roberts,0,0.377000004,1,0,1,0.119999997,0,74.20928595
roberts,KS,2005,109,brownback,0,0.405999988,1,0,1,0.119999997,0,74.20928595
roberts,KY,2005,109,mcconnell,0,0.361000001,1,0,1,0.119999997,0,73.66269426
roberts,KY,2005,109,bunning,0,0.470999986,1,0,1,0.119999997,0,73.66269426
roberts,LA,2005,109,vitter,0,0.419,1,0,1,0.119999997,0,73.6392742
roberts,LA,2005,109,landrieu,1,-0.158000007,1,0,0,0.119999997,0,73.6392742
roberts,MA,2005,109,kennedy  ed,1,-0.47299999,0,0,0,0.119999997,1,63.66409442
roberts,MA,2005,109,kerry  john,1,-0.372999996,0,0,0,0.119999997,0,63.66409442
roberts,MD,2005,109,mikulski,1,-0.365999997,0,0,0,0.119999997,0,62.91826858
roberts,MD,2005,109,sarbanes,1,-0.437000006,0,0,0,0.119999997,1,62.91826858
roberts,ME,2005,109,snowe,0,0.088,1,0,1,0.119999997,1,75.61413433
roberts,ME,2005,109,collins,0,0.093999997,1,0,1,0.119999997,0,75.61413433
roberts,MI,2005,109,stabenow,1,-0.296000004,0,0,0,0.119999997,1,67.65418015
roberts,MI,2005,109,levin  carl,1,-0.400000006,1,0,0,0.119999997,0,67.65418015
roberts,MN,2005,109,coleman,0,0.226999998,1,0,1,0.119999997,0,72.9409613
roberts,MN,2005,109,dayton,1,-0.398000002,0,0,0,0.119999997,1,72.9409613
roberts,MO,2005,109,bond,0,0.298000008,1,0,1,0.119999997,0,73.02680854
roberts,MO,2005,109,talent,0,0.377999991,1,0,1,0.119999997,1,73.02680854
roberts,MS,2005,109,lott,0,0.386000007,1,0,1,0.119999997,1,73.80175346
roberts,MS,2005,109,cochran,0,0.266000003,1,0,1,0.119999997,0,73.80175346
roberts,MT,2005,109,baucus,1,-0.218999997,1,0,0,0.119999997,0,72.17216895
roberts,MT,2005,109,burns,0,0.35800001,1,0,1,0.119999997,1,72.17216895
roberts,NC,2005,109,dole,0,0.326999992,1,0,1,0.119999997,0,74.54530613
roberts,NC,2005,109,burr,0,0.372000009,1,0,1,0.119999997,0,74.54530613
roberts,ND,2005,109,conrad,1,-0.254999995,1,0,0,0.119999997,1,81.72246014
roberts,ND,2005,109,dorgan,1,-0.236000001,1,0,0,0.119999997,0,81.72246014
roberts,NE,2005,109,nelson  ben,1,-0.002,1,0,0,0.119999997,1,76.81007065
roberts,NE,2005,109,hagel,0,0.31400001,1,0,1,0.119999997,0,76.81007065
roberts,NH,2005,109,gregg,0,0.375,1,0,1,0.119999997,0,73.89306922
roberts,NH,2005,109,sununu,0,0.449000001,1,0,1,0.119999997,0,73.89306922
roberts,NJ,2005,109,corzine,1,-0.453000009,0,0,0,0.119999997,1,62.80600739
roberts,NJ,2005,109,lautenberg,1,-0.409000009,0,0,0,0.119999997,0,62.80600739
roberts,NM,2005,109,domenici,0,0.246000007,1,0,1,0.119999997,0,69.64393913
roberts,NM,2005,109,bingaman,1,-0.240999997,1,0,0,0.119999997,1,69.64393913
roberts,NV,2005,109,ensign,0,0.368000001,1,0,1,0.119999997,1,70.13984715
roberts,NV,2005,109,reid,1,-0.238000005,0,0,0,0.119999997,0,70.13984715
roberts,NY,2005,109,clinton,1,-0.375999987,0,0,0,0.119999997,1,62.38896276
roberts,NY,2005,109,schumer,1,-0.342000008,0,0,0,0.119999997,0,62.38896276
roberts,OH,2005,109,dewine,0,0.268999994,1,0,1,0.119999997,1,69.00001864
roberts,OH,2005,109,voinovich,0,0.257999986,1,0,1,0.119999997,0,69.00001864
roberts,OK,2005,109,coburn,0,0.606000006,1,0,1,0.119999997,0,81.8657996
roberts,OK,2005,109,inhofe,0,0.512000024,1,0,1,0.119999997,0,81.8657996
roberts,OR,2005,109,wyden,1,-0.296000004,1,0,0,0.119999997,0,69.03585779
roberts,OR,2005,109,smith  gord,0,0.196999997,1,0,1,0.119999997,0,69.03585779
roberts,PA,2005,109,specter,0,0.014,1,0,1,0.119999997,0,71.13869
roberts,PA,2005,109,santorum,0,0.335000008,1,0,1,0.119999997,1,71.13869
roberts,RI,2005,109,reed,1,-0.393000007,0,0,0,0.119999997,0,64.98065394
roberts,RI,2005,109,chafee,0,-0.008,1,0,1,0.119999997,0,64.98065394
roberts,SC,2005,109,graham,0,0.374000013,1,0,1,0.119999997,0,72.87137853
roberts,SC,2005,109,demint,0,0.546999991,1,0,1,0.119999997,0,72.87137853
roberts,SD,2005,109,thune,0,0.298000008,1,0,1,0.119999997,0,80.38976346
roberts,SD,2005,109,johnson,1,-0.211999997,1,0,0,0.119999997,0,80.38976346
roberts,TN,2005,109,alexander,0,0.319999993,1,0,1,0.119999997,0,73.82387812
roberts,TN,2005,109,frist,0,0.331999987,1,0,1,0.119999997,1,73.82387812
roberts,TX,2005,109,hutchison,0,0.326000005,1,0,1,0.119999997,1,76.06454075
roberts,TX,2005,109,cornyn,0,0.43599999,1,0,1,0.119999997,1,76.06454075
roberts,UT,2005,109,bennett,0,0.312999994,1,0,1,0.119999997,0,81.08523008
roberts,UT,2005,109,hatch,0,0.379999995,1,0,1,0.119999997,1,81.08523008
roberts,VA,2005,109,warner,0,0.25,1,0,1,0.119999997,0,73.06320475
roberts,VA,2005,109,allen,0,0.374000013,1,0,1,0.119999997,1,73.06320475
roberts,VT,2005,109,leahy,1,-0.377000004,1,0,0,0.119999997,0,73.08571374
roberts,VT,2005,109,jeffords,1,-0.246000007,1,0,0,0.119999997,1,73.08571374
roberts,WA,2005,109,murray,1,-0.342000008,1,0,0,0.119999997,0,66.82448896
roberts,WA,2005,109,cantwell,1,-0.25999999,0,0,0,0.119999997,1,66.82448896
roberts,WI,2005,109,kohl,1,-0.293000013,1,0,0,0.119999997,1,71.13985681
roberts,WI,2005,109,feingold,1,-0.573000014,1,0,0,0.119999997,0,71.13985681
roberts,WV,2005,109,rockefeller,1,-0.310000002,1,0,0,0.119999997,0,72.35178641
roberts,WV,2005,109,byrd  rober,1,-0.231999993,1,0,0,0.119999997,1,72.35178641
roberts,WY,2005,109,thomas,0,0.437999994,1,0,1,0.119999997,1,75.97190773
roberts,WY,2005,109,enzi,0,0.476000011,1,0,1,0.119999997,0,75.97190773
sotomayor,AK,2009,111,begich,1,-0.312544405,1,1,1,0.779999971,0,50.51926411
sotomayor,AK,2009,111,murkowski,0,0.202000007,0,1,0,0.779999971,0,50.51926411
sotomayor,AL,2009,111,shelby,0,0.333000004,0,1,0,0.779999971,0,56.27201138
sotomayor,AL,2009,111,sessions,0,0.458000004,0,1,0,0.779999971,0,56.27201138
sotomayor,AR,2009,111,pryor,1,-0.164000005,1,1,1,0.779999971,0,55.53431967
sotomayor,AR,2009,111,lincoln,1,-0.155000001,1,1,1,0.779999971,0,55.53431967
sotomayor,AZ,2009,111,mccain,0,0.280999988,0,1,0,0.779999971,0,55.10401254
sotomayor,AZ,2009,111,kyl,0,0.485000014,0,1,0,0.779999971,0,55.10401254
sotomayor,CA,2009,111,boxer,1,-0.433999985,1,1,1,0.779999971,0,64.44544191
sotomayor,CA,2009,111,feinstein,1,-0.241999999,1,1,1,0.779999971,0,64.44544191
sotomayor,CO,2009,111,bennet,1,-0.348524094,1,1,1,0.779999971,0,60.97050646
sotomayor,CO,2009,111,udall,1,-0.333104223,1,1,1,0.779999971,0,60.97050646
sotomayor,CT,2009,111,lieberman,1,-0.209999993,1,1,1,0.779999971,0,66.13504299
sotomayor,CT,2009,111,dodd,1,-0.323000014,1,1,1,0.779999971,0,66.13504299
sotomayor,DE,2009,111,carper,1,-0.142000005,1,1,1,0.779999971,0,60.99880522
sotomayor,DE,2009,111,kaufman,1,-0.506149352,1,1,1,0.779999971,0,60.99880522
sotomayor,FL,2009,111,nelson,1,-0.144999996,1,1,1,0.779999971,0,57.78139637
sotomayor,FL,2009,111,martinez,0,0.273999989,1,1,0,0.779999971,0,57.78139637
sotomayor,GA,2009,111,chambliss,0,0.354000002,0,1,0,0.779999971,0,61.04715978
sotomayor,GA,2009,111,isakson,0,0.368999988,0,1,0,0.779999971,0,61.04715978
sotomayor,HI,2009,111,akaka,1,-0.368000001,1,1,1,0.779999971,0,59.85729604
sotomayor,HI,2009,111,inouye,1,-0.298000008,1,1,1,0.779999971,0,59.85729604
sotomayor,IA,2009,111,harkin,1,-0.381000012,1,1,1,0.779999971,0,56.53063303
sotomayor,IA,2009,111,grassley,0,0.275999993,0,1,0,0.779999971,0,56.53063303
sotomayor,ID,2009,111,crapo,0,0.389999986,0,1,0,0.779999971,0,45.86871011
sotomayor,ID,2009,111,risch,0,0.449882299,0,1,0,0.779999971,0,45.86871011
sotomayor,IL,2009,111,durbin,1,-0.344999999,1,1,1,0.779999971,0,62.68291144
sotomayor,IL,2009,111,burris,1,-0.526709199,1,1,1,0.779999971,0,62.68291144
sotomayor,IN,2009,111,bayh,1,-0.184,1,1,1,0.779999971,0,56.14332889
sotomayor,IN,2009,111,lugar,0,0.25999999,1,1,0,0.779999971,0,56.14332889
sotomayor,KS,2009,111,brownback,0,0.365999997,0,1,0,0.779999971,0,56.3518046
sotomayor,KS,2009,111,roberts,0,0.333000004,0,1,0,0.779999971,0,56.3518046
sotomayor,KY,2009,111,bunning,0,0.444999993,0,1,0,0.779999971,0,56.59624515
sotomayor,KY,2009,111,mcconnell,0,0.338999987,0,1,0,0.779999971,0,56.59624515
sotomayor,LA,2009,111,landrieu,1,-0.160999998,1,1,1,0.779999971,0,58.54851788
sotomayor,LA,2009,111,vitter,0,0.428000003,0,1,0,0.779999971,0,58.54851788
sotomayor,MA,2009,111,kerry  john,1,-0.356000006,1,1,1,0.779999971,0,67.11536038
sotomayor,MD,2009,111,cardin,1,-0.284999996,1,1,1,0.779999971,0,67.39896452
sotomayor,MD,2009,111,mikulski,1,-0.340000004,1,1,1,0.779999971,0,67.39896452
sotomayor,ME,2009,111,collins,0,0.079000004,1,1,0,0.779999971,0,56.68785235
sotomayor,ME,2009,111,snowe,0,0.067000002,1,1,0,0.779999971,0,56.68785235
sotomayor,MI,2009,111,levin  carl,1,-0.368000001,1,1,1,0.779999971,0,62.37584577
sotomayor,MI,2009,111,stabenow,1,-0.298999995,1,1,1,0.779999971,0,62.37584577
sotomayor,MN,2009,111,klobuchar,1,-0.279000014,1,1,1,0.779999971,0,57.17498952
sotomayor,MN,2009,111,franken,1,-0.453893155,1,1,1,0.779999971,0,57.17498952
sotomayor,MO,2009,111,mccaskill,1,-0.231999993,1,1,1,0.779999971,0,57.48982904
sotomayor,MO,2009,111,bond,0,0.282000005,1,1,0,0.779999971,0,57.48982904
sotomayor,MS,2009,111,wicker,0,0.335999995,0,1,0,0.779999971,0,59.18282312
sotomayor,MS,2009,111,cochran,0,0.252000004,0,1,0,0.779999971,0,59.18282312
sotomayor,MT,2009,111,tester,1,-0.244000003,1,1,1,0.779999971,0,57.04817848
sotomayor,MT,2009,111,baucus,1,-0.209000006,1,1,1,0.779999971,0,57.04817848
sotomayor,NC,2009,111,burr,0,0.370999992,0,1,0,0.779999971,0,56.93726573
sotomayor,NC,2009,111,hagan,1,-0.279991329,1,1,1,0.779999971,0,56.93726573
sotomayor,ND,2009,111,conrad,1,-0.245000005,1,1,1,0.779999971,0,47.2710033
sotomayor,ND,2009,111,dorgan,1,-0.237000003,1,1,1,0.779999971,0,47.2710033
sotomayor,NE,2009,111,nelson  ben,1,-0.026000001,1,1,1,0.779999971,0,53.59787338
sotomayor,NE,2009,111,johanns,0,0.40619269,0,1,0,0.779999971,0,53.59787338
sotomayor,NH,2009,111,gregg,0,0.356999993,1,1,0,0.779999971,0,58.25668413
sotomayor,NH,2009,111,shaheen,1,-0.416200161,1,1,1,0.779999971,0,58.25668413
sotomayor,NJ,2009,111,lautenberg,1,-0.39199999,1,1,1,0.779999971,0,68.06955085
sotomayor,NJ,2009,111,menendez,1,-0.324000001,1,1,1,0.779999971,0,68.06955085
sotomayor,NM,2009,111,bingaman,1,-0.241999999,1,1,1,0.779999971,0,58.54045269
sotomayor,NM,2009,111,udall,1,-0.474452972,1,1,1,0.779999971,0,58.54045269
sotomayor,NV,2009,111,reid,1,-0.245000005,1,1,1,0.779999971,0,58.9059325
sotomayor,NV,2009,111,ensign,0,0.405000001,0,1,0,0.779999971,0,58.9059325
sotomayor,NY,2009,111,gillibrand,1,-0.485589564,1,1,1,0.779999971,0,68.03665653
sotomayor,NY,2009,111,schumer,1,-0.32100001,1,1,1,0.779999971,0,68.03665653
sotomayor,OH,2009,111,voinovich,0,0.228,1,1,0,0.779999971,0,61.28989964
sotomayor,OH,2009,111,brown,1,-0.377000004,1,1,1,0.779999971,0,61.28989964
sotomayor,OK,2009,111,inhofe,0,0.507000029,0,1,0,0.779999971,0,47.08681023
sotomayor,OK,2009,111,coburn,0,0.638000011,0,1,0,0.779999971,0,47.08681023
sotomayor,OR,2009,111,merkley,1,-0.535275757,1,1,1,0.779999971,0,59.88276067
sotomayor,OR,2009,111,wyden,1,-0.291999996,1,1,1,0.779999971,0,59.88276067
sotomayor,PA,2009,111,specter,1,-0.244868323,1,1,1,0.779999971,0,61.31742812
sotomayor,PA,2009,111,casey,1,-0.246999994,1,1,1,0.779999971,0,61.31742812
sotomayor,RI,2009,111,reed,1,-0.367000014,1,1,1,0.779999971,0,66.00256866
sotomayor,RI,2009,111,whitehouse,1,-0.340000004,1,1,1,0.779999971,0,66.00256866
sotomayor,SC,2009,111,demint,0,0.550000012,0,1,0,0.779999971,0,59.37196156
sotomayor,SC,2009,111,graham,0,0.354999989,1,1,0,0.779999971,0,59.37196156
sotomayor,SD,2009,111,thune,0,0.300000012,0,1,0,0.779999971,0,48.96045158
sotomayor,SD,2009,111,johnson,1,-0.200000003,1,1,1,0.779999971,0,48.96045158
sotomayor,TN,2009,111,alexander,0,0.289999992,1,1,0,0.779999971,0,56.92185262
sotomayor,TN,2009,111,corker,0,0.30399999,0,1,0,0.779999971,0,56.92185262
sotomayor,TX,2009,111,hutchison,0,0.291000009,0,1,0,0.779999971,0,54.33324859
sotomayor,TX,2009,111,cornyn,0,0.40200001,0,1,0,0.779999971,0,54.33324859
sotomayor,UT,2009,111,bennett,0,0.282000005,0,1,0,0.779999971,0,46.05091116
sotomayor,UT,2009,111,hatch,0,0.338,0,1,0,0.779999971,0,46.05091116
sotomayor,VA,2009,111,webb,1,-0.217999995,1,1,1,0.779999971,0,58.22189465
sotomayor,VA,2009,111,warner,1,-0.320254326,1,1,1,0.779999971,0,58.22189465
sotomayor,VT,2009,111,leahy,1,-0.361999989,1,1,1,0.779999971,0,59.04853833
sotomayor,VT,2009,111,sanders,1,-0.435000002,1,1,1,0.779999971,0,59.04853833
sotomayor,WA,2009,111,murray,1,-0.326999992,1,1,1,0.779999971,0,61.59329476
sotomayor,WA,2009,111,cantwell,1,-0.277999997,1,1,1,0.779999971,0,61.59329476
sotomayor,WI,2009,111,kohl,1,-0.270000011,1,1,1,0.779999971,0,58.94697959
sotomayor,WI,2009,111,feingold,1,-0.586000025,1,1,1,0.779999971,0,58.94697959
sotomayor,WV,2009,111,byrd  rober,1,-0.234999999,1,1,1,0.779999971,0,58.03347658
sotomayor,WV,2009,111,rockefeller,1,-0.286000013,1,1,1,0.779999971,0,58.03347658
sotomayor,WY,2009,111,enzi,0,0.460999995,0,1,0,0.779999971,0,52.86119938
sotomayor,WY,2009,111,barasso,0,0.474000007,0,1,0,0.779999971,0,52.86119938
souter,AK,1990,101,stevens  th,0,0.179000005,1,0,1,0.324999988,1,84.68533258
souter,AK,1990,101,murkowski,0,0.316000015,1,0,1,0.324999988,0,84.68533258
souter,AL,1990,101,heflin  how,1,0.012,1,0,0,0.324999988,1,81.11099306
souter,AL,1990,101,shelby  ric,1,0.071999997,1,0,0,0.324999988,0,81.11099306
souter,AR,1990,101,bumpers  da,1,-0.307000011,1,0,0,0.324999988,0,77.24911574
souter,AR,1990,101,pryor  davi,1,-0.229000002,1,0,0,0.324999988,1,77.24911574
souter,AZ,1990,101,mccain  joh,0,0.298000008,1,0,1,0.324999988,0,82.71877625
souter,AZ,1990,101,deconcini,1,-0.140000001,1,0,0,0.324999988,0,82.71877625
souter,CA,1990,101,cranston  a,1,-0.423999995,0,0,0,0.324999988,0,70.8618242
souter,CO,1990,101,armstrong,0,0.507000029,1,0,0,0.324999988,1,73.78447699
souter,CO,1990,101,wirth  timo,1,-0.300999999,1,0,0,0.324999988,0,73.78447699
souter,CT,1990,101,dodd  chris,1,-0.331,1,0,0,0.324999988,0,70.94344737
souter,CT,1990,101,lieberman,1,-0.218999997,1,0,0,0.324999988,0,70.94344737
souter,DE,1990,101,roth  willi,0,0.238000005,1,0,1,0.324999988,0,71.40731644
souter,DE,1990,101,biden  jose,1,-0.335000008,1,0,0,0.324999988,1,71.40731644
souter,FL,1990,101,graham  bob,1,-0.215000004,1,0,0,0.324999988,0,77.66889872
souter,FL,1990,101,mack  conni,0,0.412,1,0,1,0.324999988,0,77.66889872
souter,GA,1990,101,nunn  sam,1,-0.07,1,0,0,0.324999988,1,75.71984473
souter,GA,1990,101,fowler  wyc,1,-0.194999993,1,0,0,0.324999988,0,75.71984473
souter,HI,1990,101,inouye  dan,1,-0.31400001,1,0,0,0.324999988,0,73.27833666
souter,HI,1990,101,akaka,1,-0.381999999,0,0,0,0.324999988,0,73.27833666
souter,IA,1990,101,grassley  c,0,0.289000005,1,0,1,0.324999988,0,74.4260864
souter,IA,1990,101,harkin  tom,1,-0.388000011,1,0,0,0.324999988,1,74.4260864
souter,ID,1990,101,mcclure  ja,0,0.474000007,1,0,1,0.324999988,1,88.90806992
souter,ID,1990,101,symms  stev,0,0.671999991,1,0,1,0.324999988,0,88.90806992
souter,IL,1990,100,simon  p,1,-0.432999998,1,0,0,0.324999988,1,69.60984605
souter,IL,1990,101,dixon  alan,1,-0.138999999,1,0,0,0.324999988,0,69.60984605
souter,IN,1990,101,coats  dani,0,0.354000002,1,0,1,0.324999988,0,76.73785481
souter,IN,1990,101,lugar  rich,0,0.280999988,1,0,1,0.324999988,0,76.73785481
souter,KS,1990,101,dole  bob,0,0.321999997,1,0,1,0.324999988,0,77.00109232
souter,KS,1990,101,kassebaum,0,0.135000005,1,0,1,0.324999988,1,77.00109232
souter,KY,1990,101,ford  wende,1,-0.178000003,1,0,0,0.324999988,0,72.25709073
souter,KY,1990,101,mcconnell j,0,0.345999986,1,0,1,0.324999988,1,72.25709073
souter,LA,1990,101,johnston  j,1,-0.104999997,1,0,0,0.324999988,1,80.51709202
souter,LA,1990,101,breaux  joh,1,-0.057,1,0,0,0.324999988,0,80.51709202
souter,MA,1990,101,kerry john,1,-0.363999993,0,0,0,0.324999988,1,66.89658341
souter,MA,1990,101,kennedy  ed,1,-0.474000007,0,0,0,0.324999988,0,66.89658341
souter,MD,1990,101,sarbanes  p,1,-0.432999998,1,0,0,0.324999988,0,62.8420183
souter,MD,1990,101,mikulski  b,1,-0.361999989,0,0,0,0.324999988,0,62.8420183
souter,ME,1990,101,mitchell  g,1,-0.344000012,1,0,0,0.324999988,0,80.87029836
souter,ME,1990,101,cohen  will,0,0.035,1,0,1,0.324999988,1,80.87029836
souter,MI,1990,101,levin  carl,1,-0.395000011,1,0,0,0.324999988,1,67.66263942
souter,MI,1990,101,riegle  don,1,-0.402999997,1,0,0,0.324999988,0,67.66263942
souter,MN,1990,101,durenberger,0,0.032000002,1,0,1,0.324999988,0,73.71153873
souter,MN,1990,101,boschwitz,0,0.188999996,1,0,1,0.324999988,1,73.71153873
souter,MO,1990,101,danforth  j,0,0.127000004,1,0,1,0.324999988,0,75.52572447
souter,MO,1990,101,bond  chris,0,0.289999992,1,0,1,0.324999988,0,75.52572447
souter,MS,1990,101,cochran  th,0,0.254000008,1,0,1,0.324999988,1,82.1901585
souter,MS,1990,101,lott trent,0,0.384000003,1,0,1,0.324999988,0,82.1901585
souter,MT,1990,101,burns  conr,0,0.34799999,1,0,1,0.324999988,0,76.34659559
souter,MT,1990,101,baucus  max,1,-0.222000003,1,0,0,0.324999988,1,76.34659559
souter,NC,1990,101,helms  jess,0,0.648000002,1,0,1,0.324999988,1,79.32713234
souter,NC,1990,101,sanford  te,1,-0.264999986,1,0,0,0.324999988,0,79.32713234
souter,ND,1990,101,conrad  ken,1,-0.252000004,1,0,0,0.324999988,0,86.08646262
souter,ND,1990,101,burdick  qu,1,-0.356000006,0,0,0,0.324999988,0,86.08646262
souter,NE,1990,101,exon  john,1,-0.108000003,1,0,0,0.324999988,1,79.7274146
souter,NE,1990,101,kerrey  rob,1,-0.229000002,1,0,0,0.324999988,0,79.7274146
souter,NH,1990,101,humphrey  g,0,0.596000016,1,0,1,0.324999988,1,79.62313681
souter,NH,1990,101,rudman  war,0,0.239999995,1,0,1,0.324999988,0,79.62313681
souter,NJ,1990,101,lautenberg,1,-0.404000014,0,0,0,0.324999988,0,68.94088905
souter,NJ,1990,101,bradley  wi,1,-0.379000008,0,0,0,0.324999988,1,68.94088905
souter,NM,1990,101,domenici  p,0,0.231000006,1,0,1,0.324999988,1,80.41084361
souter,NM,1990,101,bingaman  j,1,-0.236000001,1,0,0,0.324999988,0,80.41084361
souter,NV,1990,101,bryan  rich,1,-0.214000002,1,0,0,0.324999988,0,77.04663106
souter,NV,1990,101,reid  harry,1,-0.222000003,1,0,0,0.324999988,0,77.04663106
souter,NY,1990,101,damato,0,0.138999999,1,0,1,0.324999988,0,68.58480495
souter,NY,1990,101,moynihan  d,1,-0.344000012,1,0,0,0.324999988,0,68.58480495
souter,OH,1990,101,glenn  john,1,-0.279000014,1,0,0,0.324999988,0,69.16331332
souter,OH,1990,101,metzenbaum,1,-0.518000007,1,0,0,0.324999988,0,69.16331332
souter,OK,1990,101,boren  davi,1,-0.050999999,1,0,0,0.324999988,1,85.8786153
souter,OK,1990,101,nickles  do,0,0.481000006,1,0,1,0.324999988,0,85.8786153
souter,OR,1990,101,packwood  r,0,0.039000001,1,0,1,0.324999988,0,73.11296245
souter,OR,1990,101,hatfield  m,0,-0.063000001,1,0,1,0.324999988,1,73.11296245
souter,PA,1990,101,heinz  h. j,0,0.004,1,0,1,0.324999988,0,76.51360574
souter,PA,1990,101,specter  ar,0,-0.005,1,0,1,0.324999988,0,76.51360574
souter,RI,1990,101,chafee  joh,0,-0.016000001,1,0,1,0.324999988,0,67.93022916
souter,RI,1990,101,pell  claib,1,-0.382999986,1,0,0,0.324999988,1,67.93022916
souter,SC,1990,101,hollings  e,1,-0.152999997,1,0,0,0.324999988,0,79.18608107
souter,SC,1990,101,thurmond  j,0,0.409000009,1,0,1,0.324999988,1,79.18608107
souter,SD,1990,101,pressler  l,0,0.216999993,1,0,1,0.324999988,1,84.19366965
souter,SD,1990,101,daschle  th,1,-0.268999994,1,0,0,0.324999988,0,84.19366965
souter,TN,1990,101,sasser  jam,1,-0.287,1,0,0,0.324999988,0,75.45858035
souter,TN,1990,101,gore  alber,1,-0.289999992,1,0,0,0.324999988,1,75.45858035
souter,TX,1990,101,gramm  will,0,0.528999984,1,0,1,0.324999988,1,82.49991969
souter,TX,1990,101,bentsen  ll,1,-0.093999997,1,0,0,0.324999988,0,82.49991969
souter,UT,1990,101,garn  jake,0,0.48300001,1,0,1,0.324999988,0,89.12290391
souter,UT,1990,101,hatch  orri,0,0.375,1,0,1,0.324999988,0,89.12290391
souter,VA,1990,101,warner  joh,0,0.245000005,1,0,1,0.324999988,1,77.275572
souter,VA,1990,101,robb  charl,1,-0.200000003,1,0,0,0.324999988,0,77.275572
souter,VT,1990,101,leahy  patr,1,-0.375,1,0,0,0.324999988,0,78.10914091
souter,VT,1990,101,jeffords  j,0,-0.022,1,0,1,0.324999988,0,78.10914091
souter,WA,1990,101,adams  broc,1,-0.40200001,0,0,0,0.324999988,0,70.83642146
souter,WA,1990,101,gorton  sla,0,0.209000006,1,0,1,0.324999988,0,70.83642146
souter,WI,1990,101,kasten  rob,0,0.247999996,1,0,1,0.324999988,0,70.45142331
souter,WI,1990,101,kohl  herbe,1,-0.296000004,1,0,0,0.324999988,0,70.45142331
souter,WV,1990,101,byrd  rober,1,-0.207000002,1,0,0,0.324999988,0,67.60195787
souter,WV,1990,101,rockefeller,1,-0.300999999,1,0,0,0.324999988,1,67.60195787
souter,WY,1990,101,wallop  mal,0,0.559000015,1,0,1,0.324999988,0,82.23399313
souter,WY,1990,101,simpson  al,0,0.282000005,1,0,1,0.324999988,1,82.23399313
thomas,AK,1992,102,murkowski,0,0.316000015,1,0,1,0.150000006,1,67.94761864
thomas,AK,1992,102,stevens,0,0.179000005,1,0,1,0.150000006,0,67.94761864
thomas,AL,1992,102,heflin,1,0.012,0,0,0,0.150000006,0,69.25681754
thomas,AL,1992,102,shelby,1,0.071999997,1,0,0,0.150000006,1,69.25681754
thomas,AR,1992,102,pryor,1,-0.229000002,0,0,0,0.150000006,0,68.96007452
thomas,AR,1992,102,bumpers,1,-0.307000011,0,0,0,0.150000006,1,68.96007452
thomas,AZ,1992,102,deconcini,1,-0.140000001,1,0,0,0.150000006,0,67.06730328
thomas,AZ,1992,102,mccain,0,0.298000008,1,0,1,0.150000006,1,67.06730328
thomas,CA,1992,102,cranston,1,-0.423999995,0,0,0,0.150000006,1,58.8689364
thomas,CA,1992,102,seymour,0,0.266000003,1,0,1,0.150000006,0,58.8689364
thomas,CO,1992,102,brown  hank,0,0.488000005,1,0,1,0.150000006,0,62.06237103
thomas,CO,1992,102,wirth,1,-0.300999999,0,0,0,0.150000006,1,62.06237103
thomas,CT,1992,102,dodd,1,-0.331,0,0,0,0.150000006,1,67.98371171
thomas,CT,1992,102,lieberman,1,-0.218999997,0,0,0,0.150000006,0,67.98371171
thomas,DE,1992,102,biden,1,-0.335000008,0,0,0,0.150000006,0,67.62540319
thomas,DE,1992,102,roth  willi,0,0.238000005,1,0,1,0.150000006,0,67.62540319
thomas,FL,1992,102,graham  bob,1,-0.215000004,0,0,0,0.150000006,1,70.57681694
thomas,FL,1992,102,mack,0,0.412,1,0,1,0.150000006,0,70.57681694
thomas,GA,1992,102,nunn,1,-0.07,1,0,0,0.150000006,0,71.55824336
thomas,GA,1992,102,fowler,1,-0.194999993,1,0,0,0.150000006,1,71.55824336
thomas,HI,1992,102,inouye,1,-0.31400001,0,0,0,0.150000006,1,62.86992866
thomas,HI,1992,102,akaka,1,-0.381999999,0,0,0,0.150000006,0,62.86992866
thomas,IA,1992,102,harkin,1,-0.388000011,0,0,0,0.150000006,0,66.82237593
thomas,IA,1992,102,grassley,0,0.289000005,1,0,1,0.150000006,1,66.82237593
thomas,ID,1992,102,symms,0,0.671999991,1,0,1,0.150000006,1,68.72861711
thomas,ID,1992,102,craig,0,0.477999985,1,0,1,0.150000006,0,68.72861711
thomas,IL,1992,102,simon,1,-0.432999998,0,0,0,0.150000006,0,68.79018437
thomas,IL,1992,102,dixon  alan,1,-0.138999999,1,0,0,0.150000006,1,68.79018437
thomas,IN,1992,102,coats,0,0.354000002,1,0,1,0.150000006,1,71.62860385
thomas,IN,1992,102,lugar  rich,0,0.280999988,1,0,1,0.150000006,0,71.62860385
thomas,KS,1992,102,dole,0,0.321999997,1,0,1,0.150000006,1,70.4202095
thomas,KS,1992,102,kassebaum,0,0.135000005,1,0,1,0.150000006,0,70.4202095
thomas,KY,1992,102,ford  wende,1,-0.178000003,0,0,0,0.150000006,1,67.48884719
thomas,KY,1992,102,mcconnell,0,0.345999986,1,0,1,0.150000006,0,67.48884719
thomas,LA,1992,102,breaux,1,-0.057,1,0,0,0.150000006,1,73.5757991
thomas,LA,1992,102,johnston  b,1,-0.104999997,1,0,0,0.150000006,0,73.5757991
thomas,MA,1992,102,kennedy  ed,1,-0.474000007,0,0,0,0.150000006,0,65.52793392
thomas,MA,1992,102,kerry  john,1,-0.363999993,0,0,0,0.150000006,0,65.52793392
thomas,MD,1992,102,mikulski,1,-0.361999989,0,0,0,0.150000006,1,67.32606908
thomas,MD,1992,102,sarbanes,1,-0.432999998,0,0,0,0.150000006,0,67.32606908
thomas,ME,1992,102,cohen,0,0.035,1,0,1,0.150000006,0,70.76472523
thomas,ME,1992,102,mitchell  g,1,-0.344000012,0,0,0,0.150000006,0,70.76472523
thomas,MI,1992,102,levin  carl,1,-0.395000011,0,0,0,0.150000006,0,69.47019481
thomas,MI,1992,102,riegle,1,-0.402999997,0,0,0,0.150000006,0,69.47019481
thomas,MN,1992,102,durenberger,0,0.032000002,1,0,1,0.150000006,0,69.27720644
thomas,MN,1992,102,wellstone,1,-0.64200002,0,0,0,0.150000006,0,69.27720644
thomas,MO,1992,102,danforth,0,0.127000004,1,0,1,0.150000006,0,72.08313099
thomas,MO,1992,102,bond,0,0.289999992,1,0,1,0.150000006,1,72.08313099
thomas,MS,1992,102,cochran,0,0.254000008,1,0,1,0.150000006,0,73.88392082
thomas,MS,1992,102,lott,0,0.384000003,1,0,1,0.150000006,0,73.88392082
thomas,MT,1992,102,baucus,1,-0.222000003,0,0,0,0.150000006,0,64.17423587
thomas,MT,1992,102,burns,0,0.34799999,1,0,1,0.150000006,0,64.17423587
thomas,NC,1992,102,sanford,1,-0.264999986,0,0,0,0.150000006,1,69.27756648
thomas,NC,1992,102,helms,0,0.648000002,1,0,1,0.150000006,0,69.27756648
thomas,ND,1992,102,conrad,1,-0.252000004,0,0,0,0.150000006,1,73.57486972
thomas,ND,1992,102,burdick,1,-0.356000006,0,0,0,0.150000006,0,73.57486972
thomas,NE,1992,102,kerrey  rob,1,-0.229000002,0,0,0,0.150000006,0,71.76273475
thomas,NE,1992,102,exon,1,-0.108000003,1,0,0,0.150000006,0,71.76273475
thomas,NH,1992,102,smith  robe,0,0.617999971,1,0,1,0.150000006,0,70.19814433
thomas,NH,1992,102,rudman,0,0.239999995,1,0,1,0.150000006,1,70.19814433
thomas,NJ,1992,102,lautenberg,1,-0.404000014,0,0,0,0.150000006,0,67.39310705
thomas,NJ,1992,102,bradley,1,-0.379000008,0,0,0,0.150000006,0,67.39310705
thomas,NM,1992,102,domenici,0,0.231000006,1,0,1,0.150000006,0,64.40389323
thomas,NM,1992,102,bingaman,1,-0.236000001,0,0,0,0.150000006,0,64.40389323
thomas,NV,1992,102,reid,1,-0.222000003,0,0,0,0.150000006,1,64.50069446
thomas,NV,1992,102,bryan  rich,1,-0.214000002,0,0,0,0.150000006,0,64.50069446
thomas,NY,1992,102,moynihan,1,-0.344000012,0,0,0,0.150000006,0,68.39473602
thomas,NY,1992,102,damato,0,0.138999999,1,0,1,0.150000006,1,68.39473602
thomas,OH,1992,102,metzenbaum,1,-0.518000007,0,0,0,0.150000006,0,72.13308608
thomas,OH,1992,102,glenn,1,-0.279000014,0,0,0,0.150000006,1,72.13308608
thomas,OK,1992,102,boren,1,-0.050999999,1,0,0,0.150000006,0,69.94185278
thomas,OK,1992,102,nickles  do,0,0.481000006,1,0,1,0.150000006,1,69.94185278
thomas,OR,1992,102,hatfield,0,-0.063000001,1,0,1,0.150000006,0,63.02745791
thomas,OR,1992,102,packwood,0,0.039000001,0,0,1,0.150000006,1,63.02745791
thomas,PA,1992,102,specter,0,-0.005,1,0,1,0.150000006,1,70.23515791
thomas,PA,1992,102,wofford,1,-0.317999989,0,0,0,0.150000006,0,70.23515791
thomas,RI,1992,102,chafee,0,-0.016000001,1,0,1,0.150000006,0,67.46537096
thomas,RI,1992,102,pell,1,-0.382999986,0,0,0,0.150000006,0,67.46537096
thomas,SC,1992,102,thurmond,0,0.409000009,1,0,1,0.150000006,0,73.34657641
thomas,SC,1992,102,hollings,1,-0.152999997,1,0,0,0.150000006,1,73.34657641
thomas,SD,1992,102,daschle,1,-0.268999994,0,0,0,0.150000006,1,72.69625365
thomas,SD,1992,102,pressler,0,0.216999993,1,0,1,0.150000006,0,72.69625365
thomas,TN,1992,102,sasser,1,-0.287,0,0,0,0.150000006,0,69.5176192
thomas,TN,1992,102,gore,1,-0.289999992,0,0,0,0.150000006,0,69.5176192
thomas,TX,1992,102,bentsen,1,-0.093999997,0,0,0,0.150000006,0,70.29997494
thomas,TX,1992,102,gramm  phil,0,0.528999984,1,0,1,0.150000006,0,70.29997494
thomas,UT,1992,102,garn,0,0.48300001,1,0,1,0.150000006,1,69.88916953
thomas,UT,1992,102,hatch,0,0.375,1,0,1,0.150000006,0,69.88916953
thomas,VA,1992,102,warner,0,0.245000005,1,0,1,0.150000006,0,68.1180246
thomas,VA,1992,102,robb,1,-0.200000003,1,0,0,0.150000006,0,68.1180246
thomas,VT,1992,102,leahy,1,-0.375,0,0,0,0.150000006,1,69.5257063
thomas,VT,1992,102,jeffords,0,-0.022,0,0,1,0.150000006,0,69.5257063
thomas,WA,1992,102,gorton,0,0.209000006,1,0,1,0.150000006,0,62.87976142
thomas,WA,1992,102,adams,1,-0.40200001,0,0,0,0.150000006,1,62.87976142
thomas,WI,1992,102,kasten,0,0.247999996,1,0,1,0.150000006,1,70.11531282
thomas,WI,1992,102,kohl,1,-0.296000004,0,0,0,0.150000006,0,70.11531282
thomas,WV,1992,102,byrd  rober,1,-0.207000002,0,0,0,0.150000006,0,68.14284888
thomas,WV,1992,102,rockefeller,1,-0.300999999,0,0,0,0.150000006,0,68.14284888
thomas,WY,1992,102,wallop,0,0.559000015,1,0,1,0.150000006,0,66.17950516
thomas,WY,1992,102,simpson,0,0.282000005,1,0,1,0.150000006,0,66.17950516
