{"working_dir":null,"default_chunk_options":{"echo":true,"warning":false,"message":false},"chunk_definitions":[{"row":11,"row_count":1,"visible":true,"expansion_state":0,"options":{"engine":"r","label":"setup","include":false},"document_id":"C883F4D7","chunk_id":"csetup_chunk","chunk_label":"setup"},{"row":32,"row_count":1,"visible":true,"expansion_state":0,"options":{"engine":"r","label":"unnamed-chunk-13"},"document_id":"C883F4D7","chunk_id":"c0gn7orhbxwd9","chunk_label":"unnamed-chunk-1"},{"row":47,"row_count":1,"visible":true,"expansion_state":0,"options":{"engine":"r","label":"unnamed-chunk-14"},"document_id":"C883F4D7","chunk_id":"cmdtbm1c0rgb4","chunk_label":"unnamed-chunk-2"},{"row":58,"row_count":1,"visible":true,"expansion_state":0,"options":{"engine":"r","label":"unnamed-chunk-15"},"document_id":"C883F4D7","chunk_id":"cjvc6xqgwr9x0","chunk_label":"unnamed-chunk-3"},{"row":94,"row_count":1,"visible":true,"expansion_state":0,"options":{"engine":"r","label":"unnamed-chunk-17"},"document_id":"C883F4D7","chunk_id":"cyufld58wuafb","chunk_label":"unnamed-chunk-4"},{"row":136,"row_count":1,"visible":true,"expansion_state":0,"options":{"engine":"r","label":"unnamed-chunk-5"},"document_id":"C883F4D7","chunk_id":"cdyiezn8ep48u","chunk_label":"unnamed-chunk-7"},{"row":144,"row_count":1,"visible":true,"expansion_state":0,"options":{"engine":"r","label":"unnamed-chunk-6"},"document_id":"C883F4D7","chunk_id":"cl5bja1st9j6l","chunk_label":"unnamed-chunk-8"},{"row":245,"row_count":1,"visible":true,"expansion_state":0,"options":{"engine":"r","label":"unnamed-chunk-9"},"document_id":"C883F4D7","chunk_id":"cfjexwp2kscj9","chunk_label":"unnamed-chunk-15"},{"row":259,"row_count":1,"visible":true,"expansion_state":0,"options":{"engine":"r","label":"unnamed-chunk-10"},"document_id":"C883F4D7","chunk_id":"cpsm02giba4o5","chunk_label":"unnamed-chunk-16"},{"row":275,"row_count":1,"visible":true,"expansion_state":0,"options":{"engine":"r","label":"unnamed-chunk-11"},"document_id":"C883F4D7","chunk_id":"cbhsrqk98tunc","chunk_label":"unnamed-chunk-17"}],"doc_write_time":1618406342,"chunk_rendered_width":689}