{"chunk_definitions":[{"chunk_id":"csetup_chunk","chunk_label":"setup","document_id":"499C10B4","expansion_state":0,"options":{"engine":"r","include":false,"label":"setup"},"row":12,"row_count":1,"visible":true},{"chunk_id":"c1cp9phgry2t4","chunk_label":"load-libraries","document_id":"499C10B4","expansion_state":0,"options":{"engine":"r","label":"load-libraries"},"row":31,"row_count":1,"visible":true},{"chunk_id":"cpzha3inhxr5f","chunk_label":"gss-cat","document_id":"499C10B4","expansion_state":0,"options":{"engine":"r","label":"gss-cat"},"row":43,"row_count":1,"visible":true},{"chunk_id":"ckuoius6jf1fm","chunk_label":"relig-percent","document_id":"499C10B4","expansion_state":0,"options":{"engine":"r","label":"relig-percent"},"row":66,"row_count":1,"visible":true},{"chunk_id":"czmijeul1rvl2","chunk_label":"top-10-religions","document_id":"499C10B4","expansion_state":0,"options":{"engine":"r","label":"top-10-religions"},"row":81,"row_count":1,"visible":true},{"chunk_id":"c33eu9lgg4ys5","chunk_label":"top-10-religions-data","document_id":"499C10B4","expansion_state":0,"options":{"engine":"r","label":"top-10-religions-data"},"row":92,"row_count":1,"visible":true},{"chunk_id":"c1bs5lm8gjoar","chunk_label":"religion-age-ridges","document_id":"499C10B4","expansion_state":0,"options":{"engine":"r","label":"religion-age-ridges"},"row":105,"row_count":1,"visible":true},{"chunk_id":"clcsgya01m1ak","chunk_label":"age-cats","document_id":"499C10B4","expansion_state":0,"options":{"engine":"r","label":"unnamed-chunk-10"},"row":126,"row_count":1,"visible":true},{"chunk_id":"ca37e28pi51u7","chunk_label":"ages-income","document_id":"499C10B4","expansion_state":0,"options":{"engine":"r","label":"unnamed-chunk-23"},"row":137,"row_count":1,"visible":true},{"chunk_id":"cqe3yy11ttona","chunk_label":"ages-income-plot","document_id":"499C10B4","expansion_state":0,"options":{"engine":"r","label":"ages-income-plot"},"row":148,"row_count":1,"visible":true},{"chunk_id":"cgdbochimwp78","chunk_label":"married-tv","document_id":"499C10B4","expansion_state":0,"options":{"engine":"r","label":"married-tv"},"row":167,"row_count":1,"visible":true},{"chunk_id":"c3od5rw2iroug","chunk_label":"unnamed-chunk-2","document_id":"499C10B4","expansion_state":0,"options":{"engine":"r","label":"unnamed-chunk-138"},"row":271,"row_count":1,"visible":true}],"chunk_rendered_width":659,"default_chunk_options":{"echo":true,"message":false,"warning":false},"doc_write_time":1568667099,"working_dir":null}