{"chunk_definitions":[{"row":12,"row_count":1,"visible":true,"expansion_state":0,"options":{"engine":"r","label":"setup","include":false},"document_id":"0B096BDF","chunk_id":"csetup_chunk","chunk_label":"setup"},{"row":34,"row_count":1,"visible":true,"expansion_state":0,"options":{"engine":"r","label":"load-libraries"},"document_id":"0B096BDF","chunk_id":"cfdrp1a29eqt2","chunk_label":"load-libraries"},{"row":57,"row_count":1,"visible":true,"expansion_state":0,"options":{"engine":"r","label":"election"},"document_id":"0B096BDF","chunk_id":"cx3ufewohgkhe","chunk_label":"election"},{"row":68,"row_count":1,"visible":true,"expansion_state":0,"options":{"engine":"r","label":"model"},"document_id":"0B096BDF","chunk_id":"cl35or89ndja5","chunk_label":"model"},{"row":83,"row_count":1,"visible":true,"expansion_state":0,"options":{"engine":"r","label":"unnamed-chunk-55"},"document_id":"0B096BDF","chunk_id":"c83hum7rpf392","chunk_label":"unnamed-chunk-1"},{"row":94,"row_count":1,"visible":true,"expansion_state":0,"options":{"engine":"r","label":"unnamed-chunk-13"},"document_id":"0B096BDF","chunk_id":"c0iwr5v3qrukn","chunk_label":"unnamed-chunk-2"},{"row":110,"row_count":1,"visible":true,"expansion_state":0,"options":{"engine":"r","label":"unnamed-chunk-68"},"document_id":"0B096BDF","chunk_id":"c1vflm2kahyot","chunk_label":"unnamed-chunk-3"},{"row":119,"row_count":1,"visible":true,"expansion_state":0,"options":{"engine":"r","label":"unnamed-chunk-73"},"document_id":"0B096BDF","chunk_id":"csgdoyihkadv0","chunk_label":"unnamed-chunk-4"},{"row":132,"row_count":1,"visible":true,"expansion_state":0,"options":{"engine":"r","label":"unnamed-chunk-24"},"document_id":"0B096BDF","chunk_id":"c2eecrzvs31hs","chunk_label":"unnamed-chunk-5"},{"row":138,"row_count":1,"visible":true,"expansion_state":0,"options":{"engine":"r","label":"unnamed-chunk-27"},"document_id":"0B096BDF","chunk_id":"cdrny3b5zy5dp","chunk_label":"unnamed-chunk-6"},{"row":148,"row_count":1,"visible":true,"expansion_state":0,"options":{"engine":"r","label":"unnamed-chunk-61"},"document_id":"0B096BDF","chunk_id":"cp3dt70p5jux9","chunk_label":"unnamed-chunk-7"},{"row":155,"row_count":1,"visible":true,"expansion_state":0,"options":{"engine":"r","label":"unnamed-chunk-63"},"document_id":"0B096BDF","chunk_id":"cr2rde9bmzun1","chunk_label":"unnamed-chunk-8"}],"doc_write_time":1613067814}