{"chunk_definitions":[{"chunk_id":"csetup_chunk","chunk_label":"setup","document_id":"847190A4","expansion_state":0,"options":{"engine":"r","include":false,"label":"setup"},"row":12,"row_count":1,"visible":true},{"chunk_id":"clw0v1e4s0t9n","chunk_label":"load-libraries","document_id":"847190A4","expansion_state":0,"options":{"engine":"r","label":"load-libraries","message":false,"warning":false},"row":31,"row_count":1,"visible":true},{"chunk_id":"cvzodjkus5g0l","chunk_label":"model-footage","document_id":"847190A4","expansion_state":0,"options":{"engine":"r","label":"model-footage"},"row":194,"row_count":1,"visible":true}],"default_chunk_options":{"echo":true,"message":false,"warning":false},"doc_write_time":1570473469,"working_dir":null}