{"chunk_definitions":[{"chunk_id":"csetup_chunk","chunk_label":"setup","document_id":"7C07D945","expansion_state":0,"options":{"engine":"r","include":false,"label":"setup"},"row":9,"row_count":1,"visible":true},{"chunk_id":"cj507mhcf17rp","chunk_label":"load-libraries","document_id":"7C07D945","expansion_state":0,"options":{"engine":"r","label":"load-libraries"},"row":22,"row_count":1,"visible":true},{"chunk_id":"c4cznukzt7tm0","chunk_label":"unnamed-chunk-1","document_id":"7C07D945","expansion_state":0,"options":{"engine":"r","label":"unnamed-chunk-12"},"row":35,"row_count":1,"visible":true},{"chunk_id":"cxt214dt0d6s2","chunk_label":"load-movies","document_id":"7C07D945","expansion_state":0,"options":{"engine":"r","label":"load-movies"},"row":48,"row_count":1,"visible":true},{"chunk_id":"c15xy4zjw3mst","chunk_label":"unnamed-chunk-2","document_id":"7C07D945","expansion_state":0,"options":{"engine":"r","label":"unnamed-chunk-5"},"row":62,"row_count":1,"visible":true},{"chunk_id":"c5nfrhu3ggvof","chunk_label":"unnamed-chunk-3","document_id":"7C07D945","expansion_state":0,"options":{"engine":"r","label":"unnamed-chunk-8"},"row":81,"row_count":1,"visible":true},{"chunk_id":"cd4vfczevxacv","chunk_label":"load-pokemon","document_id":"7C07D945","expansion_state":0,"options":{"engine":"r","label":"load-pokemon"},"row":99,"row_count":1,"visible":true},{"chunk_id":"cnpe3n28z85mi","chunk_label":"plot-pokemon-type-power","document_id":"7C07D945","expansion_state":0,"options":{"engine":"r","label":"plot-pokemon-type-power"},"row":126,"row_count":1,"visible":true}],"chunk_rendered_width":593,"default_chunk_options":{"echo":true,"message":false,"warning":false},"doc_write_time":1568151222,"working_dir":null}