{"chunk_definitions":[{"chunk_id":"csetup_chunk","chunk_label":"setup","document_id":"A7CE19CB","expansion_state":0,"options":{"engine":"r","include":false,"label":"setup"},"row":11,"row_count":1,"visible":true},{"chunk_id":"cj3e87qqzmne7","chunk_label":"unnamed-chunk-1","document_id":"A7CE19CB","expansion_state":0,"options":{"engine":"r","label":"unnamed-chunk-172"},"row":32,"row_count":1,"visible":true},{"chunk_id":"cecrac1m66778","chunk_label":"unnamed-chunk-2","document_id":"A7CE19CB","expansion_state":0,"options":{"engine":"r","label":"unnamed-chunk-162"},"row":45,"row_count":1,"visible":true},{"chunk_id":"cf49oy7qx5h9a","chunk_label":"unnamed-chunk-3","document_id":"A7CE19CB","expansion_state":0,"options":{"engine":"r","label":"unnamed-chunk-163"},"row":56,"row_count":1,"visible":true},{"chunk_id":"ca6q90j38t46j","chunk_label":"unnamed-chunk-4","document_id":"A7CE19CB","expansion_state":0,"options":{"engine":"r","label":"unnamed-chunk-165"},"row":68,"row_count":1,"visible":true},{"chunk_id":"cdqld84ljrcui","chunk_label":"unnamed-chunk-5","document_id":"A7CE19CB","expansion_state":0,"options":{"engine":"r","label":"unnamed-chunk-114"},"row":84,"row_count":1,"visible":true},{"chunk_id":"cs2o9vffunw3m","chunk_label":"unnamed-chunk-7","document_id":"A7CE19CB","expansion_state":0,"options":{"engine":"r","label":"unnamed-chunk-169"},"row":106,"row_count":1,"visible":true},{"chunk_id":"cscx04xxlv7yo","chunk_label":"unnamed-chunk-8","document_id":"A7CE19CB","expansion_state":0,"options":{"engine":"r","label":"unnamed-chunk-12"},"row":139,"row_count":1,"visible":true},{"chunk_id":"c3vk9i43hf7r4","chunk_label":"unnamed-chunk-9","document_id":"A7CE19CB","expansion_state":0,"options":{"engine":"r","label":"unnamed-chunk-13"},"row":148,"row_count":1,"visible":true},{"chunk_id":"cwdipemnee4lg","chunk_label":"unnamed-chunk-10","document_id":"A7CE19CB","expansion_state":0,"options":{"engine":"r","label":"unnamed-chunk-122"},"row":161,"row_count":1,"visible":true},{"chunk_id":"chst6dttucr0l","chunk_label":"unnamed-chunk-11","document_id":"A7CE19CB","expansion_state":0,"options":{"engine":"r","label":"unnamed-chunk-171"},"row":182,"row_count":1,"visible":true},{"chunk_id":"cfiatepakzwas","chunk_label":"unnamed-chunk-12","document_id":"A7CE19CB","expansion_state":0,"options":{"engine":"r","label":"unnamed-chunk-158"},"row":206,"row_count":1,"visible":true},{"chunk_id":"ckkvsy6eih6r3","chunk_label":"unnamed-chunk-13","document_id":"A7CE19CB","expansion_state":0,"options":{"engine":"r","label":"unnamed-chunk-148"},"row":217,"row_count":1,"visible":true},{"chunk_id":"cc58qsmfdo1yi","chunk_label":"unnamed-chunk-14","document_id":"A7CE19CB","expansion_state":0,"options":{"engine":"r","label":"unnamed-chunk-157"},"row":247,"row_count":1,"visible":true},{"chunk_id":"cxxs238mowlrz","chunk_label":"unnamed-chunk-15","document_id":"A7CE19CB","expansion_state":0,"options":{"engine":"r","label":"unnamed-chunk-160"},"row":270,"row_count":1,"visible":true}],"default_chunk_options":{"echo":true,"message":false,"warning":false},"doc_write_time":1574539868,"working_dir":null}