{"chunk_definitions":[{"chunk_id":"csetup_chunk","chunk_label":"setup","document_id":"AD654E72","expansion_state":0,"options":{"engine":"r","include":false,"label":"setup"},"row":11,"row_count":1,"visible":true},{"chunk_id":"cfunyr67h6w68","chunk_label":"unnamed-chunk-1","document_id":"AD654E72","expansion_state":0,"options":{"engine":"r","label":"unnamed-chunk-3"},"row":32,"row_count":1,"visible":true},{"chunk_id":"c88rx7g2qgple","chunk_label":"unnamed-chunk-2","document_id":"AD654E72","expansion_state":0,"options":{"engine":"r","label":"unnamed-chunk-5"},"row":46,"row_count":1,"visible":true},{"chunk_id":"csmyam7ftdyo0","chunk_label":"unnamed-chunk-3","document_id":"AD654E72","expansion_state":0,"options":{"engine":"r","label":"unnamed-chunk-59"},"row":57,"row_count":1,"visible":true},{"chunk_id":"cqbruxwz22uv1","chunk_label":"unnamed-chunk-4","document_id":"AD654E72","expansion_state":0,"options":{"engine":"r","label":"unnamed-chunk-10"},"row":77,"row_count":1,"visible":true},{"chunk_id":"c0rbiupo4q8ii","chunk_label":"unnamed-chunk-5","document_id":"AD654E72","expansion_state":0,"options":{"engine":"r","label":"unnamed-chunk-12"},"row":85,"row_count":1,"visible":true},{"chunk_id":"cyos3hhya07lh","chunk_label":"unnamed-chunk-6","document_id":"AD654E72","expansion_state":0,"options":{"engine":"r","label":"unnamed-chunk-86"},"row":98,"row_count":1,"visible":true},{"chunk_id":"cjo7iigxfu62h","chunk_label":"unnamed-chunk-7","document_id":"AD654E72","expansion_state":0,"options":{"engine":"r","label":"unnamed-chunk-88"},"row":114,"row_count":1,"visible":true},{"chunk_id":"cyrnfzl9h2sxn","chunk_label":"unnamed-chunk-8","document_id":"AD654E72","expansion_state":0,"options":{"engine":"r","label":"unnamed-chunk-91"},"row":120,"row_count":1,"visible":true},{"chunk_id":"cjvcucbrgluw7","chunk_label":"unnamed-chunk-9","document_id":"AD654E72","expansion_state":0,"options":{"engine":"r","label":"unnamed-chunk-23"},"row":138,"row_count":1,"visible":true},{"chunk_id":"csgzn43ciygfm","chunk_label":"unnamed-chunk-10","document_id":"AD654E72","expansion_state":0,"options":{"engine":"r","label":"unnamed-chunk-19"},"row":150,"row_count":1,"visible":true},{"chunk_id":"cv871576xdleb","chunk_label":"unnamed-chunk-11","document_id":"AD654E72","expansion_state":0,"options":{"engine":"r","label":"unnamed-chunk-30"},"row":169,"row_count":1,"visible":true},{"chunk_id":"cbc2pihwhqat8","chunk_label":"unnamed-chunk-12","document_id":"AD654E72","expansion_state":0,"options":{"engine":"r","label":"unnamed-chunk-31"},"row":177,"row_count":1,"visible":true},{"chunk_id":"clmmbbgnmjt0n","chunk_label":"unnamed-chunk-14","document_id":"AD654E72","expansion_state":0,"options":{"engine":"r","label":"unnamed-chunk-32"},"row":202,"row_count":1,"visible":true},{"chunk_id":"cn5ts3j6dfv02","chunk_label":"unnamed-chunk-16","document_id":"AD654E72","expansion_state":0,"options":{"engine":"r","label":"unnamed-chunk-58"},"row":232,"row_count":1,"visible":true}],"chunk_rendered_width":700,"default_chunk_options":{"echo":true,"message":false,"warning":false},"doc_write_time":1574431628,"working_dir":null}