case,city,state,date,month,day,year,fatalities,injured,total_victims,age_of_shooter,weapon_type
Odessa shooting spree,Odessa, TX,2019-08-31,Aug,Sat,2019,5,21,26,NA,semiautomatic rifle
Dayton entertainment district shooting,Dayton, OH,2019-08-04,Aug,Sun,2019,9,27,36,24,semiautomatic rifle
El Paso Walmart mass shooting,El Paso, TX,2019-08-03,Aug,Sat,2019,22,26,48,21,semiautomatic rifle
Virginia Beach municipal building shooting,Virginia Beach, VA,2019-05-31,May,Fri,2019,12,4,16,40,2 handguns
Harry Pratt Co. warehouse shooting,Aurora, IL,2019-02-15,Feb,Fri,2019,5,6,11,45,handgun
SunTrust bank shooting,Sebring, FL,2019-01-23,Jan,Wed,2019,5,0,5,21,handgun
Thousand Oaks nightclub shooting,Thousand Oaks, CA,2018-11-07,Nov,Wed,2018,12,22,34,28,semiautomatic handgun
Tree of Life synagogue shooting,Pittsburgh, PA,2018-10-27,Oct,Sat,2018,11,6,17,46,semiautomatic rifle; semiautomatic handguns
T&T Trucking shooting,Bakersfield, CA,2018-09-12,Sep,Wed,2018,5,0,5,54,handgun
Capital Gazette shooting,Annapolis, MD,2018-06-28,Jun,Thu,2018,5,2,7,38,shotgun
Santa Fe High School shooting,Santa Fe, TX,2018-05-18,May,Fri,2018,10,13,23,17,shotgun; .38 revolver
Waffle House shooting,Nashville, TN,2018-04-22,Apr,Sun,2018,4,4,8,29,semiautomatic rifle
Marjory Stoneman Douglas High School shooting,Parkland, FL,2018-02-14,Feb,Wed,2018,17,17,34,19,semiautomatic rifle
Pennsylvania carwash shooting,Melcroft, PA,2018-01-28,Jan,Sun,2018,4,1,5,28,semiautomatic rifle and semiautomatic handgun
Rancho Tehama shooting spree,Rancho Tehama, CA,2017-11-14,Nov,Tue,2017,5,10,15,44,semiautomatic rifles
Texas First Baptist Church massacre,Sutherland Springs, TX,2017-11-05,Nov,Sun,2017,26,20,46,26,semiautomatic rifle
Las Vegas Strip massacre,Las Vegas, NV,2017-10-01,Oct,Sun,2017,58,546,604,64,"23 firearms, mostly rifles; including scopes, and two modified for ""fully automatic"" firing; two were mounted on tripods"
Florida awning manufacturer shooting,Orlando,FL,2017-06-05,Jun,Mon,2017,5,0,5,45,semiautomatic handgun
Fort Lauderdale airport shooting,Fort Lauderdale,FL,2017-01-06,Jan,Fri,2017,5,6,11,26,"semiautomatic handgun
"
Cascade Mall shooting,Burlington,WA,2016-09-23,Sep,Fri,2016,5,0,5,20,Rifle
Dallas police shooting,Dallas,TX,2016-07-07,Jul,Thu,2016,5,11,16,25,"Semiautomatic rifle, semiautomatic handguns"
Orlando nightclub massacre,Orlando,FL,2016-06-12,Jun,Sun,2016,49,53,102,29,"Semiautomatic rifle, semiautomatic handgun"
Kalamazoo shooting spree,Kalamazoo County,MI,2016-02-20,Feb,Sat,2016,6,2,8,45,Semiautomatic handgun
San Bernardino mass shooting,San Bernardino,CA,2015-12-02,Dec,Wed,2015,14,21,35,28,"Two assault rifles and two semi-automatic pistols were used in the attack. Police found a remote controlled explosive device at the scene of the crime. At the home were 12 pipe bombs, 2,500 rounds for the AR-15 variants, 2,000 rounds for the pistols, and several hundred for a .22 calibre rifle. In the suspects' car were an additional 1,400 rounds for the rifles and 200 for the handguns."
Umpqua Community College shooting,Roseburg,OR,2015-10-01,Oct,Thu,2015,9,9,18,26,"Five pistols, one rifle, five magazines of ammunition"
Chattanooga military recruitment center,Chattanooga,TN,2015-07-16,Jul,Thu,2015,5,2,7,24,"2 assault rifles; semiautomatic handgun
"
Charleston Church Shooting,Charleston,SC,2015-06-17,Jun,Wed,2015,9,1,10,21,Handgun
Marysville-Pilchuck High School shooting,Marysville,WA,2014-10-24,Oct,Fri,2014,5,1,6,15,Handgun
Isla Vista mass murder,Santa Barbara,CA,2014-05-23,May,Fri,2014,6,13,19,22,Three semi-automatic handguns and two hunting knives
Alturas tribal shooting,Alturas,CA,2014-02-20,Feb,Thu,2014,4,2,6,44,Two handguns and a butcher knife
Washington Navy Yard shooting,Washington,FL,2013-09-16,Sep,Mon,2013,12,8,20,34,"Sawed-off shotgun, 2 boxes of shells; also a .45-caliber handgun taken from a security guard he shot at the scene."
Hialeah apartment shooting,Hialeah,CA,2013-07-26,Jul,Fri,2013,7,0,7,42,9mm semi-automatic handgun
Santa Monica rampage,Santa Monica,WA,2013-06-07,Jun,Fri,2013,6,3,9,23,"Assault rifle, high capacity magazines, antique handgun
"
Pinewood Village Apartment shooting,Federal Way,NY,2013-04-21,Apr,Sun,2013,5,0,5,27,"Semiautomatic handgun, shotgun"
Mohawk Valley shootings,Herkimer County,CT,2013-03-13,Mar,Wed,2013,5,2,7,64,Shotgun
Sandy Hook Elementary massacre,Newtown,MN,2012-12-14,Dec,Fri,2012,27,2,29,20,"Two semiautomatic handguns, one rifle (assault), one shotgun (assault)"
Accent Signage Systems shooting,Minneapolis,WI,2012-09-27,Sep,Thu,2012,7,1,8,36,One semiautomatic handgun
Sikh temple shooting,Oak Creek,CO,2012-08-05,Aug,Sun,2012,7,3,10,40,One semiautomatic handgun
Aurora theater shooting,Aurora,WA,2012-07-20,Jul,Fri,2012,12,70,82,24,"Two semiautomatic handguns, one rifle (assault), one shotgun"
Seattle cafe shooting,Seattle,CA,2012-05-20,May,Sun,2012,6,1,7,40,Two semiautomatic handguns
Oikos University killings,Oakland,GA,2012-04-02,Apr,Mon,2012,7,3,10,43,One semiautomatic handgun
Su Jung Health Sauna shooting,Norcross,CA,2012-02-21,Feb,Tue,2012,5,0,5,59,One semiautomatic handgun
Seal Beach shooting,Seal Beach,NV,2011-10-12,Oct,Wed,2011,8,1,9,42,"Two semiautomatic handguns, one revolver"
IHOP shooting,Carson City,AZ,2011-09-06,Sep,Tue,2011,5,7,12,32,"Two rifles (both assault), one revolver"
Tucson shooting,Tucson,CT,2011-01-08,Jan,Sat,2011,6,13,19,22,One semiautomatic handgun
Hartford Beer Distributor shooting,Manchester,WA,2010-08-03,Aug,Tue,2010,9,2,11,34,Two semiautomatic handguns
Coffee shop police killings,Parkland,TX,2009-11-29,Nov,Sun,2009,4,1,5,37,One semiautomatic handgun
Fort Hood massacre,Fort Hood,NY,2009-11-05,Nov,Thu,2009,13,30,43,39,One semiautomatic handgun
Binghamton shootings,Binghamton,NC,2009-04-03,Apr,Fri,2009,14,4,18,41,Two semiautomatic handguns
Carthage nursing home shooting,Carthage,KY,2009-03-29,Mar,Sun,2009,8,3,11,45,"One revolver, one shotgun"
Atlantis Plastics shooting,Henderson,IL,2008-06-25,Jun,Wed,2008,6,1,7,25,One semiautomatic handgun
Northern Illinois University shooting,DeKalb,MO,2008-02-14,Feb,Thu,2008,5,21,26,27,"Three semiautomatic handguns, one shotgun"
Kirkwood City Council shooting,Kirkwood,NE,2008-02-07,Feb,Thu,2008,6,2,8,52,"One semiautomatic handgun, one revolver"
Westroads Mall shooting,Omaha,WI,2007-12-05,Dec,Wed,2007,9,4,13,19,One rifle (assault)
Crandon shooting,Crandon,VA,2007-10-07,Oct,Sun,2007,6,1,7,20,One rifle (assault)
Virginia Tech massacre,Blacksburg,UT,2007-04-16,Apr,Mon,2007,32,23,55,23,Two semiautomatic handguns
Trolley Square shooting,Salt Lake City,PA,2007-02-12,Feb,Mon,2007,6,4,10,18,"One revolver, one shotgun"
Amish school shooting,Lancaster County,WA,2006-10-02,Oct,Mon,2006,6,5,11,32,"One semiautomatic handgun, one rifle, one shotgun"
Capitol Hill massacre,Seattle,CA,2006-03-25,Mar,Sat,2006,7,2,9,28,"Two semiautomatic handguns, one rifle (assault), one shotgun"
Goleta postal shootings,Goleta,MN,2006-01-30,Jan,Mon,2006,8,0,8,44,One semiautomatic handgun
Red Lake massacre,Red Lake,WI,2005-03-21,Mar,Mon,2005,10,5,15,16,"Two semiautomatic handguns, one shotgun"
Living Church of God shooting,Brookfield,OH,2005-03-12,Mar,Sat,2005,7,4,11,44,One semiautomatic handgun
Damageplan show shooting,Columbus,MS,2004-12-08,Dec,Wed,2004,5,7,12,25,One semiautomatic handgun
Lockheed Martin shooting,Meridian,IL,2003-07-08,Jul,Tue,2003,7,8,15,48,"One semiautomatic handgun, two rifles, one derringer, one shotgun"
Navistar shooting,Melrose Park,MA,2001-02-05,Feb,Mon,2001,5,4,9,66,"Two rifles, one revolver, one shotgun"
Wakefield massacre,Wakefield,FL,2000-12-26,Dec,Tue,2000,7,0,7,42,"One semiautomatic handgun, one rifle (assault), one shotgun"
Hotel shooting,Tampa,HI,1999-12-30,Dec,Thu,1999,5,3,8,36,"One semiautomatic handgun, one revolver"
Xerox killings,Honolulu,TX,1999-11-02,Nov,Tue,1999,7,0,7,40,One semiautomatic handgun
Wedgwood Baptist Church shooting,Fort Worth,GA,1999-09-15,Sep,Wed,1999,8,7,15,47,Two semiautomatic handguns
Atlanta day trading spree killings,Atlanta,CO,1999-07-29,Jul,Thu,1999,9,13,22,44,"Three semiautomatic handguns, one revolver"
Columbine High School massacre,Littleton,OR,1999-04-20,Apr,Tue,1999,13,24,37,17,"One semiautomatic handgun (assault), one rifle (assault), two shotguns"
Thurston High School shooting,Springfield,AR,1998-05-21,May,Thu,1998,4,25,29,15,"Two semiautomatic handguns, one rifle"
Westside Middle School killings,Jonesboro,CT,1998-03-24,Mar,Tue,1998,5,10,15,11,"Two semiautomatic handguns, two rifles, three revolvers, two derringers"
Connecticut Lottery shooting,Newington,CA,1998-03-06,Mar,Fri,1998,5,1,6,35,One semiautomatic handgun
Caltrans maintenance yard shooting,Orange,SC,1997-12-18,Dec,Thu,1997,5,2,7,41,One rifle (assault)
R.E. Phelon Company shooting,Aiken,FL,1997-09-15,Sep,Mon,1997,4,3,7,43,One semiautomatic handgun
Fort Lauderdale revenge shooting,Fort Lauderdale,TX,1996-02-09,Feb,Fri,1996,6,1,7,41,"One semiautomatic handgun, one revolver"
Walter Rossler Company massacre,Corpus Christi,WA,1995-04-03,Apr,Mon,1995,6,0,6,28,"One semiautomatic handgun, one revolver"
Air Force base shooting,Fairchild Air Force Base,CO,1994-06-20,Jun,Mon,1994,5,23,28,20,One rifle (assault)
Chuck E. Cheese's killings,Aurora,NY,1993-12-14,Dec,Tue,1993,4,1,5,19,One semiautomatic handgun
Long Island Rail Road massacre,Garden City,NC,1993-12-07,Dec,Tue,1993,6,19,25,35,One semiautomatic handgun
Luigi's shooting,Fayetteville,CA,1993-08-06,Aug,Fri,1993,4,8,12,22,"One rifle, two shotguns"
101 California Street shootings,San Francisco,NY,1993-07-01,Jul,Thu,1993,9,6,15,55,Three semiautomatic handguns (two assault)
Watkins Glen killings,Watkins Glen,CA,1992-10-15,Oct,Thu,1992,5,0,5,50,One semiautomatic handgun
Lindhurst High School shooting,Olivehurst,MI,1992-05-01,May,Fri,1992,4,10,14,20,"One rifle, one shotgun"
Royal Oak postal shootings,Royal Oak,IA,1991-11-14,Nov,Thu,1991,5,5,10,31,One rifle
University of Iowa shooting,Iowa City,TX,1991-11-01,Nov,Fri,1991,6,1,7,28,One revolver
Luby's massacre,Killeen,FL,1991-10-16,Oct,Wed,1991,24,20,44,35,Two semiautomatic handguns
GMAC massacre,Jacksonville,KY,1990-06-18,Jun,Mon,1990,10,4,14,42,"One rifle, one revolver"
Standard Gravure shooting,Louisville,CA,1989-09-14,Sep,Thu,1989,9,12,21,47,"Three semiautomatic handguns (two assault), one rifle (assault), one revolver"
Stockton schoolyard shooting,Stockton,CA,1989-01-17,Jan,Tue,1989,6,29,35,26,"One semiautomatic handgun, one rifle (assault)"
ESL shooting,Sunnyvale,FL,1988-02-16,Feb,Tue,1988,7,4,11,39,"Two semiautomatic handguns, one rifle, two revolvers, two shotguns"
Shopping centers spree killings,Palm Bay,OK,1987-04-23,Apr,Thu,1987,6,14,20,59,"One rifle, one revolver, one shotgun"
United States Postal Service shooting,Edmond,CA,1986-08-20,Aug,Wed,1986,15,6,21,44,Three semiautomatic handguns
San Ysidro McDonald's massacre,San Ysidro,TX,1984-07-18,Jul,Wed,1984,22,19,41,41,"One semiautomatic handgun, one rifle (assault), one shotgun"
Dallas nightclub shooting,Dallas,FL,1984-06-29,Jun,Fri,1984,6,1,7,39,One semiautomatic handgun
Welding shop shooting,Miami,FL,1982-08-20,Aug,Fri,1982,8,3,11,51,One shotgun
