{"chunk_definitions":[{"chunk_id":"csetup_chunk","chunk_label":"setup","document_id":"2831FD67","expansion_state":0,"options":{"engine":"r","include":false,"label":"setup"},"row":11,"row_count":1,"visible":true},{"chunk_id":"ckn4vkpy65qmj","chunk_label":"unnamed-chunk-1","document_id":"2831FD67","expansion_state":0,"options":{"engine":"r","label":"unnamed-chunk-2"},"row":29,"row_count":1,"visible":true},{"chunk_id":"cv2evuyjpuva2","chunk_label":"unnamed-chunk-2","document_id":"2831FD67","expansion_state":0,"options":{"engine":"r","label":"unnamed-chunk-6"},"row":43,"row_count":1,"visible":true}],"default_chunk_options":{"echo":true,"message":false,"warning":false},"doc_write_time":1573610523,"working_dir":null}