{"chunk_definitions":[{"chunk_id":"csetup_chunk","chunk_label":"setup","document_id":"97678DE4","expansion_state":0,"options":{"engine":"r","include":false,"label":"setup"},"row":10,"row_count":1,"visible":true},{"chunk_id":"cgl8ooevi8e6y","chunk_label":"load-libraries","document_id":"97678DE4","expansion_state":0,"options":{"engine":"r","label":"load-libraries"},"row":28,"row_count":1,"visible":true},{"chunk_id":"c91gyyklvlcau","chunk_label":"plot-wine-dag","document_id":"97678DE4","expansion_state":0,"options":{"engine":"r","label":"plot-wine-dag"},"row":54,"row_count":1,"visible":true},{"chunk_id":"cvmve125uuhf0","chunk_label":"plot-wine-paths","document_id":"97678DE4","expansion_state":0,"options":{"engine":"r","label":"plot-wine-paths"},"row":63,"row_count":1,"visible":true},{"chunk_id":"cxwg4910vfsxv","chunk_label":"plot-wine-adjust","document_id":"97678DE4","expansion_state":0,"options":{"engine":"r","label":"plot-wine-adjust"},"row":72,"row_count":1,"visible":true}],"doc_write_time":1571937883}