{"chunk_definitions":[{"chunk_id":"csetup_chunk","chunk_label":"setup","document_id":"A7CE19CB","expansion_state":0,"options":{"engine":"r","include":false,"label":"setup"},"row":11,"row_count":1,"visible":true},{"chunk_id":"cyoerep3ut6tt","chunk_label":"unnamed-chunk-1","document_id":"A7CE19CB","expansion_state":0,"options":{"engine":"r","label":"unnamed-chunk-60"},"row":30,"row_count":1,"visible":true},{"chunk_id":"cecrac1m66778","chunk_label":"unnamed-chunk-2","document_id":"A7CE19CB","expansion_state":0,"options":{"engine":"r","label":"unnamed-chunk-101"},"row":42,"row_count":1,"visible":true},{"chunk_id":"cf49oy7qx5h9a","chunk_label":"unnamed-chunk-3","document_id":"A7CE19CB","expansion_state":0,"options":{"engine":"r","label":"unnamed-chunk-102"},"row":51,"row_count":1,"visible":true},{"chunk_id":"ca6q90j38t46j","chunk_label":"unnamed-chunk-4","document_id":"A7CE19CB","expansion_state":0,"options":{"engine":"r","label":"unnamed-chunk-112"},"row":63,"row_count":1,"visible":true},{"chunk_id":"cdqld84ljrcui","chunk_label":"unnamed-chunk-5","document_id":"A7CE19CB","expansion_state":0,"options":{"engine":"r","label":"unnamed-chunk-114"},"row":75,"row_count":1,"visible":true},{"chunk_id":"c0gcax53tgx6w","chunk_label":"unnamed-chunk-6","document_id":"A7CE19CB","expansion_state":0,"options":{"engine":"r","label":"unnamed-chunk-117"},"row":86,"row_count":1,"visible":true},{"chunk_id":"c4e8nzimhm70a","chunk_label":"unnamed-chunk-8","document_id":"A7CE19CB","expansion_state":0,"options":{"engine":"r","label":"unnamed-chunk-61"},"row":124,"row_count":1,"visible":true},{"chunk_id":"c3vk9i43hf7r4","chunk_label":"unnamed-chunk-9","document_id":"A7CE19CB","expansion_state":0,"options":{"engine":"r","label":"unnamed-chunk-119"},"row":132,"row_count":1,"visible":true},{"chunk_id":"cwdipemnee4lg","chunk_label":"unnamed-chunk-10","document_id":"A7CE19CB","expansion_state":0,"options":{"engine":"r","label":"unnamed-chunk-122"},"row":143,"row_count":1,"visible":true},{"chunk_id":"chst6dttucr0l","chunk_label":"unnamed-chunk-11","document_id":"A7CE19CB","expansion_state":0,"options":{"engine":"r","label":"unnamed-chunk-162"},"row":179,"row_count":1,"visible":true},{"chunk_id":"cwq8a6lfxv5kv","chunk_label":"unnamed-chunk-12","document_id":"A7CE19CB","expansion_state":0,"options":{"engine":"r","label":"unnamed-chunk-174"},"row":191,"row_count":1,"visible":true},{"chunk_id":"ckxwljz07cqht","chunk_label":"unnamed-chunk-13","document_id":"A7CE19CB","expansion_state":0,"options":{"engine":"r","label":"unnamed-chunk-6"},"row":206,"row_count":1,"visible":true},{"chunk_id":"ckhktp3fy4bq0","chunk_label":"unnamed-chunk-14","document_id":"A7CE19CB","expansion_state":0,"options":{"engine":"r","label":"unnamed-chunk-57"},"row":224,"row_count":1,"visible":true},{"chunk_id":"cgt2hvajcce78","chunk_label":"unnamed-chunk-15","document_id":"A7CE19CB","expansion_state":0,"options":{"engine":"r","label":"unnamed-chunk-44"},"row":231,"row_count":1,"visible":true}],"doc_write_time":1574450887}