{"chunk_definitions":[{"row":16,"row_count":1,"visible":true,"expansion_state":0,"options":{"engine":"r","label":"setup","include":false},"document_id":"AA68C185","chunk_id":"csetup_chunk","chunk_label":"setup"},{"row":148,"row_count":1,"visible":true,"expansion_state":0,"options":{"engine":"r","label":"unnamed-chunk-5"},"document_id":"AA68C185","chunk_id":"c38cqjx5c991i","chunk_label":"unnamed-chunk-7"},{"row":155,"row_count":1,"visible":true,"expansion_state":0,"options":{"engine":"r","label":"unnamed-chunk-6"},"document_id":"AA68C185","chunk_id":"cbj5hi202ecdf","chunk_label":"unnamed-chunk-8"},{"row":163,"row_count":1,"visible":true,"expansion_state":0,"options":{"engine":"r","label":"unnamed-chunk-10"},"document_id":"AA68C185","chunk_id":"c4rwvn57t1cx8","chunk_label":"unnamed-chunk-9"},{"row":175,"row_count":1,"visible":true,"expansion_state":0,"options":{"engine":"r","label":"unnamed-chunk-11"},"document_id":"AA68C185","chunk_id":"cgjyevy82jxo5","chunk_label":"unnamed-chunk-10"},{"row":183,"row_count":1,"visible":true,"expansion_state":0,"options":{"engine":"r","label":"unnamed-chunk-14"},"document_id":"AA68C185","chunk_id":"cer840ojx22m7","chunk_label":"unnamed-chunk-11"}],"doc_write_time":1615400787,"chunk_rendered_width":700,"working_dir":null,"default_chunk_options":{"echo":true,"warning":false,"message":false}}