{"chunk_definitions":[{"chunk_id":"csetup_chunk","chunk_label":"setup","document_id":"2831FD67","expansion_state":0,"options":{"engine":"r","include":false,"label":"setup"},"row":11,"row_count":1,"visible":true},{"chunk_id":"cc3ks0jujev1m","chunk_label":"unnamed-chunk-3","document_id":"423E3730","expansion_state":0,"options":{"engine":"r","label":"unnamed-chunk-127"},"row":72,"row_count":1,"visible":true},{"chunk_id":"c9fbz68wmdw1n","chunk_label":"unnamed-chunk-5","document_id":"423E3730","expansion_state":0,"options":{"engine":"r","label":"unnamed-chunk-155"},"row":119,"row_count":1,"visible":true},{"chunk_id":"c7s5fu9swilns","chunk_label":"unnamed-chunk-6","document_id":"423E3730","expansion_state":0,"options":{"engine":"r","label":"unnamed-chunk-156"},"row":127,"row_count":1,"visible":true},{"chunk_id":"cbbrs65z8ftnf","chunk_label":"unnamed-chunk-7","document_id":"423E3730","expansion_state":0,"options":{"engine":"r","label":"unnamed-chunk-157"},"row":138,"row_count":1,"visible":true}],"doc_write_time":1573756518}